hook,hook_type,days_running,tier,creative_type,lf8_driver,why_it_works,ad_url
Kick-start your AI No-Code journey with Coursiv 🚀,bold_claim,181,TIER_2_PROVEN,video,to_be_superior_winning_keeping_up,"The 'No-Code' framing removes the biggest perceived barrier to entry for non-technical audiences, making AI feel immediately accessible and achievable rather than intimidating.",https://www.facebook.com/ads/library/?id=9724468994250244
Stop guessing. Start selling.,bold_claim,91,TIER_2_PROVEN,video,to_be_superior_winning_keeping_up,The 'stop/start' contrast creates instant pattern interruption and frames AI as the shortcut that eliminates the painful trial-and-error loop entrepreneurs already feel every day.,https://www.facebook.com/ads/library/?id=1024008499279287
Kick-start your AI journey with Coursiv 🚀,bold_claim,90,TIER_2_PROVEN,video,to_be_superior_winning_keeping_up,"The launch-framing ('kick-start') paired with the rocket emoji taps into the fear of being left behind on AI, making inaction feel more costly than clicking.",https://www.facebook.com/ads/library/?id=893907423094429
Devenez maître des outils d'IA avec Coursiv 🚀,bold_claim,82,TIER_2_PROVEN,video,to_be_superior_winning_keeping_up,"The word 'maître' taps directly into the status and mastery desire of professionals who fear being left behind by AI, converting existential career anxiety into aspirational identity.",https://www.facebook.com/ads/library/?id=484456921428322
"In the next 5 years, AI will create more millionaires than the internet did in decades.",bold_claim,68,TIER_2_PROVEN,image,to_be_superior_winning_keeping_up,"It manufactures urgency through a wealth-window narrative — implying the opportunity is time-limited and that inaction is a choice to lose, triggering loss aversion more than aspiration.",https://www.facebook.com/ads/library/?id=643268485527283
¡Inicie su viaje hacia la IA con Coursiv 🚀,bold_claim,67,TIER_2_PROVEN,video,to_be_superior_winning_keeping_up,"The journey framing lowers perceived barrier to entry by positioning AI learning as an accessible starting point rather than a technical mountain, directly disarming the beginner's fear of complexity.",https://www.facebook.com/ads/library/?id=3968075280114747
Dê o pontapé inicial em sua jornada de IA com o Coursiv 🚀,direct_offer,64,TIER_2_PROVEN,video,to_be_superior_winning_keeping_up,The 'first step' framing lowers the psychological barrier to entry by making the commitment feel small and non-threatening for someone paralyzed by where to start.,https://www.facebook.com/ads/library/?id=1512273043462630
Become a certified AI Master with Coursiv 🚀,bold_claim,55,TIER_2_PROVEN,image,to_be_superior_winning_keeping_up,"The word 'certified' triggers status and credibility anxiety in professionals who fear being outpaced by AI-savvy peers, making the credential feel like a competitive shield.",https://www.facebook.com/ads/library/?id=1654045809280360
Boost your productivity with Coursiv 🚀,bold_claim,50,TIER_2_PROVEN,video,to_be_superior_winning_keeping_up,"The productivity promise taps into the fear of falling behind professionally, giving ambitious workers a guilt-free rationalization to install — it's an investment, not entertainment.",https://www.facebook.com/ads/library/?id=10008461895940344
Diventa un maestro degli strumenti di IA con Coursev 🚀,bold_claim,44,TIER_2_PROVEN,video,to_be_superior_winning_keeping_up,The word 'maestro' triggers status-seeking identity transformation — it promises not just skill acquisition but a leap in perceived competence and professional superiority in an AI-saturated market.,https://www.facebook.com/ads/library/?id=1360880828352998
Inizia il tuo percorso di AI No-Code con Coursiv! 🚀,direct_offer,34,TIER_2_PROVEN,video,to_be_superior_winning_keeping_up,"The 'No-Code' framing removes the single biggest perceived barrier for non-technical beginners, making AI feel immediately accessible and achievable rather than intimidating.",https://www.facebook.com/ads/library/?id=4015992871986354
CoursivでAIの旅を始めよう 🚀,curiosity,33,TIER_2_PROVEN,video,to_be_superior_winning_keeping_up,"The 'journey' framing paired with the rocket emoji lowers the psychological barrier to entry by making AI feel like an adventure rather than a technical obstacle, directly appealing to beginners who fear being left behind.",https://www.facebook.com/ads/library/?id=1375280674099408
🚀ابدأ رحلتك في تعلّم الذكاء الاصطناعي مع Coursiv,bold_claim,32,TIER_2_PROVEN,video,to_be_superior_winning_keeping_up,"The rocket emoji paired with 'ابدأ رحلتك' (start your journey) triggers a fear-of-missing-out response in Arabic-speaking audiences who feel left behind by the AI wave, making action feel urgent and aspirational at the same time.",https://www.facebook.com/ads/library/?id=2075422569914701
Werden Sie mit Coursiv ein Meister der KI-Tools 🚀,bold_claim,31,TIER_2_PROVEN,video,to_be_superior_winning_keeping_up,"The promise of mastery over a chaotic, overwhelming AI landscape taps directly into the fear of falling behind professionally, making the aspiration of becoming an 'AI master' feel urgent and achievable.",https://www.facebook.com/ads/library/?id=2723212081352785
Almaty Casting Call,curiosity,29,TIER_1_ACTIVE,image,to_be_superior_winning_keeping_up,"The geo-specific 'casting call' framing creates intrigue and local relevance, triggering curiosity-driven clicks from Almaty-area users who feel personally called out.",https://www.facebook.com/ads/library/?id=1369152725017515
