tier,days_running_real,is_active_real,page_name_real,creative_type,full_ad_copy,headline,cta,link_description,landing_page,start_date_real,end_date_real,publisher_real,num_variations,page_likes,preview_image_url,ad_library_url
TIER_1_ACTIVE,41,True,Coursiv,image,Kick-start your AI journey with Coursiv 🚀,Start Now,LEARN_MORE,Master AI with beginner-friendly courses. Learn ChatGPT and other AI tools for work and practical automation. No tech background needed. Join 800K+ learners.,https://coursiv.io/dynamic,2026-03-06 08:00:00,2026-04-17 07:00:00,"[""FACEBOOK"", ""INSTAGRAM"", ""AUDIENCE_NETWORK"", ""MESSENGER"", ""THREADS""]",1,529890.0,https://scontent.fbau3-2.fna.fbcdn.net/v/t39.35426-6/648675687_909498251684576_7312616503160906204_n.jpg?_nc_cat=107&ccb=1-7&_nc_sid=c53f8f&_nc_ohc=d8JdVDLxInwQ7kNvwFWaDVI&_nc_oc=Adps0S3H5FcG_y0s2S2dQ5oLhBChOCvu246p50hhMGpSJEUnxrxkv44F5GFTABsgerw&_nc_zt=14&_nc_ht=scontent.fbau3-2.fna&_nc_gid=lyTndrtncVRhrgdAgIVMCA&_nc_ss=7a389&oh=00_Af01vhOCv_kI55sEFdH2ZcDslwqNuzLjBULfxMrGu9sDHw&oe=69E891D1,https://www.facebook.com/ads/library/?id=1449166103275450
TIER_1_ACTIVE,41,True,Coursiv,image,Kick-start your AI journey with Coursiv 🚀,Start Now,LEARN_MORE,Master AI with beginner-friendly courses. Learn ChatGPT and other AI tools for work and practical automation. No tech background needed. Join 800K+ learners.,https://coursiv.io/dynamic,2026-03-06 08:00:00,2026-04-17 07:00:00,"[""FACEBOOK"", ""INSTAGRAM"", ""AUDIENCE_NETWORK"", ""MESSENGER"", ""THREADS""]",1,529908.0,https://scontent.feoh14-1.fna.fbcdn.net/v/t39.35426-6/648285715_1617925369243565_3451995304166666743_n.jpg?_nc_cat=109&ccb=1-7&_nc_sid=c53f8f&_nc_ohc=AbPhi1B9ausQ7kNvwHQ73nl&_nc_oc=AdrMmIR3ZjzkHD8M_Cx6nYmSosznUNazvwUkCc5NHTjeYwMk7EgfJnUffYjh2q4Yrpk&_nc_zt=14&_nc_ht=scontent.feoh14-1.fna&_nc_gid=T6eFTcqTRjzVS-Snm0jIAA&_nc_ss=7a389&oh=00_Af05B1aG1M126HZjYvXjucwO2j5daj0HujANcEpFUv6N3Q&oe=69E88ECF,https://www.facebook.com/ads/library/?id=1213014764342193
TIER_1_ACTIVE,40,True,Coursiv,image,Kick-start your AI journey with Coursiv 🚀,Start Now,LEARN_MORE,Master AI with beginner-friendly courses. Learn ChatGPT and other AI tools for work and practical automation. No tech background needed. Join 800K+ learners.,https://coursiv.io/dynamic,2026-03-06 08:00:00,2026-04-16 07:00:00,"[""FACEBOOK"", ""INSTAGRAM"", ""AUDIENCE_NETWORK"", ""MESSENGER"", ""THREADS""]",1,529897.0,https://scontent.fbau3-1.fna.fbcdn.net/v/t39.35426-6/646388015_2712364009144447_4545948785109773518_n.jpg?_nc_cat=104&ccb=1-7&_nc_sid=c53f8f&_nc_ohc=RA1xTa6z9DQQ7kNvwFbKmiJ&_nc_oc=AdrJ2KwfHkXIi-TC3hFwgkLbBD7j3v5zrR8sBNTS5eqjvdYVXYMg3YgoA-6Ej3cPJiM&_nc_zt=14&_nc_ht=scontent.fbau3-1.fna&_nc_gid=-bfZqjQ8Ar4wXwc0WmJ-CQ&_nc_ss=7a389&oh=00_Af3rancIZZCRGvn8atxH_bQ-d01cRbqvDdWGCaJorH2vPw&oe=69E86475,https://www.facebook.com/ads/library/?id=1229758975805128
TIER_1_ACTIVE,29,True,Coursiv,image,None,Almaty Casting Call,LEARN_MORE,"Made with Tally, the simplest way to create forms.",https://tally.so/r/1AldBM,2026-03-19 07:00:00,2026-04-17 07:00:00,"[""FACEBOOK"", ""INSTAGRAM"", ""AUDIENCE_NETWORK"", ""MESSENGER"", ""THREADS""]",1,529913.0,https://scontent.feoh8-1.fna.fbcdn.net/v/t39.35426-6/654312277_4444094685875109_5916619806406241135_n.jpg?_nc_cat=108&ccb=1-7&_nc_sid=c53f8f&_nc_ohc=oVQrW4tl7s0Q7kNvwG7Yl87&_nc_oc=AdpHiLlqt-CQYsjTqJtd-Z4Eqyu9Z5zsTNfmsr74tOpNfT4khwn8ANq8gH_KcTwY5pQ&_nc_zt=14&_nc_ht=scontent.feoh8-1.fna&_nc_gid=tOAFbZYAuxTnUKmQojUIfg&_nc_ss=7a389&oh=00_Af3-0-6EI-VFdkZN45Q8RA1IL8fpG_XKPKEJCXtEHrj-Cg&oe=69E87185,https://www.facebook.com/ads/library/?id=1369152725017515
TIER_1_ACTIVE,24,True,Coursiv,video,¡Inicie su viaje hacia la IA con Coursiv 🚀,¡Empezar ahora!,LEARN_MORE,,https://coursiv.io/es/dynamic,2026-03-23 07:00:00,2026-04-16 07:00:00,"[""FACEBOOK"", ""INSTAGRAM"", ""AUDIENCE_NETWORK"", ""MESSENGER"", ""THREADS""]",1,7633.0,https://scontent.fbau3-2.fna.fbcdn.net/v/t39.35426-6/656634034_2130528604374898_5430698217623517389_n.jpg?_nc_cat=109&ccb=1-7&_nc_sid=c53f8f&_nc_ohc=og_n1ApES0oQ7kNvwF-nmNh&_nc_oc=AdpspfSjUuxGy8hzxestwMgBdhLpXfSG156gkshnPw5MRUJqKIAQ7pJqeHXzTFP65nQ&_nc_zt=14&_nc_ht=scontent.fbau3-2.fna&_nc_gid=2hlTfx2195_2oeVT2I04yw&_nc_ss=7a389&oh=00_Af1czJ4Mo9Vsa4mNquDBj5P9mWpcn7emQUv2TLpHq0clEg&oe=69E876D9,https://www.facebook.com/ads/library/?id=2083265488901475
TIER_1_ACTIVE,19,True,Coursiv,image,Kick-start your AI journey with Coursiv 🚀,Start Now,LEARN_MORE,Master AI with beginner-friendly courses. Learn ChatGPT and other AI tools for work and practical automation. No tech background needed. Join 800K+ learners.,https://coursiv.io/dynamic,2026-03-28 07:00:00,2026-04-16 07:00:00,"[""FACEBOOK"", ""INSTAGRAM"", ""AUDIENCE_NETWORK"", ""MESSENGER"", ""THREADS""]",1,529887.0,https://scontent.fbau3-1.fna.fbcdn.net/v/t39.35426-6/657460270_1952056482347141_6328961979694110129_n.jpg?_nc_cat=100&ccb=1-7&_nc_sid=c53f8f&_nc_ohc=i9Jnk0EqKp4Q7kNvwGcr-5I&_nc_oc=Adpnd3axWsxwx-dMfILa3yzGJ5X_PigYPLSDguHk-bDXYd7uirUwTwUi4lgU0_BXHT4&_nc_zt=14&_nc_ht=scontent.fbau3-1.fna&_nc_gid=l0iA7O-Lt6k-T8XbHsa-WA&_nc_ss=7a389&oh=00_Af0tGjGtoWb-M7SVWRSuvPXKyrlrRVlyBcjz3DCIadQiiA&oe=69E8844D,https://www.facebook.com/ads/library/?id=2019001462381481
TIER_1_ACTIVE,16,True,Coursiv,image,Kick-start your AI journey with Coursiv 🚀,Start Now,LEARN_MORE,Master AI with beginner-friendly courses. Learn ChatGPT and other AI tools for work and practical automation. No tech background needed. Join 800K+ learners.,https://coursiv.io/dynamic,2026-03-31 07:00:00,2026-04-16 07:00:00,"[""FACEBOOK"", ""INSTAGRAM"", ""AUDIENCE_NETWORK"", ""MESSENGER"", ""THREADS""]",1,529890.0,https://scontent.fbau3-1.fna.fbcdn.net/v/t39.35426-6/662164362_980249404674844_6521325210605800742_n.jpg?_nc_cat=103&ccb=1-7&_nc_sid=c53f8f&_nc_ohc=KX6fzqsWrYIQ7kNvwH0mIbk&_nc_oc=AdqfIjUOKkoy9V1DG6j52F8hNbPlHlsKt-4C6pFX5w0fbMs11bUzIslFqkgYpB2mZsI&_nc_zt=14&_nc_ht=scontent.fbau3-1.fna&_nc_gid=lyTndrtncVRhrgdAgIVMCA&_nc_ss=7a389&oh=00_Af3a4jt-SLlfnQk2Tm-1shi-VjnfLyZAm49Fz04SfOHvFA&oe=69E88484,https://www.facebook.com/ads/library/?id=2036029403924521
TIER_1_ACTIVE,16,True,Coursiv,image,Kick-start your AI journey with Coursiv 🚀,Start Now,LEARN_MORE,Master AI with beginner-friendly courses. Learn ChatGPT and other AI tools for work and practical automation. No tech background needed. Join 800K+ learners.,https://coursiv.io/dynamic,2026-03-31 07:00:00,2026-04-16 07:00:00,"[""FACEBOOK"", ""INSTAGRAM"", ""AUDIENCE_NETWORK"", ""MESSENGER"", ""THREADS""]",1,529897.0,https://scontent.fbau3-2.fna.fbcdn.net/v/t39.35426-6/661469492_1512690767105884_2590271407400569067_n.jpg?_nc_cat=105&ccb=1-7&_nc_sid=c53f8f&_nc_ohc=o7Do9KzB_9kQ7kNvwG_yYqb&_nc_oc=AdqR2MO_ZiYI_lfkNNEXlgKAF4QLJOpoRChkMEfOdMumBu5ILJsnCpSLUiIex5S8tfs&_nc_zt=14&_nc_ht=scontent.fbau3-2.fna&_nc_gid=KF4tcM_xi5yAZokz5HMNJQ&_nc_ss=7a389&oh=00_Af1rY3jy-k22kufRyWZ4HpRtmbyW1qPQOrsMShld1UIc4w&oe=69E88597,https://www.facebook.com/ads/library/?id=943887154842711
TIER_1_ACTIVE,15,True,Coursiv,image,Kick-start your AI journey with Coursiv 🚀,Start Now,LEARN_MORE,Master AI with beginner-friendly courses. Learn ChatGPT and other AI tools for work and practical automation. No tech background needed. Join 800K+ learners.,https://coursiv.io/dynamic,2026-04-01 07:00:00,2026-04-16 07:00:00,"[""FACEBOOK"", ""INSTAGRAM"", ""AUDIENCE_NETWORK"", ""MESSENGER"", ""THREADS""]",1,529889.0,https://scontent.fbau3-2.fna.fbcdn.net/v/t39.35426-6/660295316_1661961478280894_5779382558908876487_n.jpg?_nc_cat=105&ccb=1-7&_nc_sid=c53f8f&_nc_ohc=R5lTLulNAgQQ7kNvwHJJgDY&_nc_oc=AdqFoaMPtYTWRmTyNxRqrbmrJaOmINFZdRwrGwuWL-yD3i0PbwT-DMC6mNySqM9gJvU&_nc_zt=14&_nc_ht=scontent.fbau3-2.fna&_nc_gid=z4zICpckQtpdTNkavJ6ehw&_nc_ss=7a389&oh=00_Af2Mg-CqiwRL0OzYp3jw4SJy4Lt8qM26s8QPPOCft5qVxg&oe=69E86D3A,https://www.facebook.com/ads/library/?id=920716790582701
TIER_1_ACTIVE,15,True,Coursiv,image,Kick-start your AI journey with Coursiv 🚀,Start Now,LEARN_MORE,Master AI with beginner-friendly courses. Learn ChatGPT and other AI tools for work and practical automation. No tech background needed. Join 800K+ learners.,https://coursiv.io/dynamic,2026-04-01 07:00:00,2026-04-16 07:00:00,"[""FACEBOOK"", ""INSTAGRAM"", ""AUDIENCE_NETWORK"", ""MESSENGER"", ""THREADS""]",1,529910.0,https://scontent.feoh14-1.fna.fbcdn.net/v/t39.35426-6/660069812_945012948014642_4937346808504550915_n.jpg?_nc_cat=107&ccb=1-7&_nc_sid=c53f8f&_nc_ohc=sElD8NysLYAQ7kNvwECIw_R&_nc_oc=AdpB__OJGEvEL0Rv-SOEvAP9YPxUySAtThw6xKVvJRedIPrark3M-ZrMaSag1L68qqQ&_nc_zt=14&_nc_ht=scontent.feoh14-1.fna&_nc_gid=i1OcMzuIxCRvbhv0lB7GEg&_nc_ss=7a389&oh=00_Af1rzR54_G5zEhuIc2GyvuUpMFT-sjGxfm1xaGqn5f1XRA&oe=69E86042,https://www.facebook.com/ads/library/?id=1347589213854787
TIER_1_ACTIVE,12,True,Coursiv,video,Kick-start your AI journey with Coursiv 🚀,Start Now,LEARN_MORE,,https://coursiv.io/dynamic,2026-04-05 07:00:00,2026-04-17 07:00:00,"[""FACEBOOK"", ""INSTAGRAM"", ""AUDIENCE_NETWORK"", ""MESSENGER"", ""THREADS""]",1,529885.0,https://scontent.fbau3-2.fna.fbcdn.net/v/t39.35426-6/663298994_1559046325191028_8647370615622846112_n.jpg?_nc_cat=109&ccb=1-7&_nc_sid=c53f8f&_nc_ohc=iYOWoFS1qWYQ7kNvwGSiPTw&_nc_oc=Adoy-T8Y7NNKFJychQSI_5VtB9QZ2fKoGc8BTOJWZY0wkdQUg9qWYHjhcn99bAmC6OE&_nc_zt=14&_nc_ht=scontent.fbau3-2.fna&_nc_gid=5OE0k1nIztij7MtZpwaxag&_nc_ss=7a389&oh=00_Af2gU5IxPmT8a0qeWcW7DHDv3HCZG-GWq5jsIrOXusoY4g&oe=69E88A33,https://www.facebook.com/ads/library/?id=916562311151208
TIER_1_ACTIVE,12,True,Coursiv AI Mastery,video,Devenez maître des outils d’IA avec Coursiv 🚀,Commencez maintenant,LEARN_MORE,,https://coursiv.io/fr/dynamic,2026-04-04 07:00:00,2026-04-16 07:00:00,"[""FACEBOOK"", ""INSTAGRAM"", ""AUDIENCE_NETWORK"", ""MESSENGER"", ""THREADS""]",1,26638.0,https://scontent.fbau3-2.fna.fbcdn.net/v/t39.35426-6/660050973_967589065969601_951138153459554012_n.jpg?_nc_cat=105&ccb=1-7&_nc_sid=c53f8f&_nc_ohc=_S1b9lK8pUUQ7kNvwEtv_8F&_nc_oc=Adp6uXoUADV80dE2eohlUeekuh0he2AqeC2-hquoBZD7kUwxqLvl33SmMKLTkR33Mgk&_nc_zt=14&_nc_ht=scontent.fbau3-2.fna&_nc_gid=E0h5GM_U5monZyegfy8toQ&_nc_ss=7a389&oh=00_Af3vAKG_Eu5MP_IxF1qVzdYIjM5ekLxFc2wcsEI2SbPTfQ&oe=69E874C0,https://www.facebook.com/ads/library/?id=923725837300275
TIER_1_ACTIVE,12,True,Coursiv AI Mastery,video,Devenez maître des outils d’IA avec Coursiv 🚀,Commencez maintenant,LEARN_MORE,,https://coursiv.io/fr/dynamic,2026-04-04 07:00:00,2026-04-16 07:00:00,"[""FACEBOOK"", ""INSTAGRAM"", ""AUDIENCE_NETWORK"", ""MESSENGER"", ""THREADS""]",1,26638.0,https://scontent.fbau3-2.fna.fbcdn.net/v/t39.35426-6/661576518_976242641588661_6910711402892353441_n.jpg?_nc_cat=107&ccb=1-7&_nc_sid=c53f8f&_nc_ohc=TZ-awCPYe0EQ7kNvwHfTQrY&_nc_oc=AdrUuvMzXE0E8hxKJ49EJXHdmTcw01v3CZ7IGGgYxecZd2QzpS_mdHW4Pc_0jOrSTQE&_nc_zt=14&_nc_ht=scontent.fbau3-2.fna&_nc_gid=ZovPIAAgi9Y0K3fzYTdEnA&_nc_ss=7a389&oh=00_Af0GPU59kES-F2A5Jb95wttdv6ul4gUEXzIhBo-1IQBZDg&oe=69E86661,https://www.facebook.com/ads/library/?id=4441833266140567
TIER_1_ACTIVE,12,True,Coursiv AI Mastery,video,Devenez maître des outils d’IA avec Coursiv 🚀,Commencez maintenant,LEARN_MORE,,https://coursiv.io/fr/dynamic,2026-04-04 07:00:00,2026-04-16 07:00:00,"[""FACEBOOK"", ""INSTAGRAM"", ""AUDIENCE_NETWORK"", ""MESSENGER"", ""THREADS""]",1,26638.0,https://scontent.fbau3-1.fna.fbcdn.net/v/t39.35426-6/660312431_948205054467181_1826830452707578778_n.jpg?_nc_cat=101&ccb=1-7&_nc_sid=c53f8f&_nc_ohc=_3-5y-7vSQoQ7kNvwHf6XdG&_nc_oc=AdoqP1BgA9YZmkdTr-WP4x6XP6g3pSNPYO9lEO6C1mNf_bn6Fjau5ByQPOW1viiVvu8&_nc_zt=14&_nc_ht=scontent.fbau3-1.fna&_nc_gid=8ZAsA7ocU4gxQwN4tjk5yw&_nc_ss=7a389&oh=00_Af2WsVSvjW7XB8fuS1DIvh8_3ZGQycrSRn1RaVwuHy7zbg&oe=69E86FD7,https://www.facebook.com/ads/library/?id=1435824404675708
TIER_1_ACTIVE,12,True,Coursiv,image,Kick-start your AI journey with Coursiv 🚀,Start Now,LEARN_MORE,Master AI with beginner-friendly courses. Learn ChatGPT and other AI tools for work and practical automation. No tech background needed. Join 800K+ learners.,https://coursiv.io/dynamic,2026-04-04 07:00:00,2026-04-16 07:00:00,"[""FACEBOOK"", ""INSTAGRAM"", ""AUDIENCE_NETWORK"", ""MESSENGER"", ""THREADS""]",1,529898.0,https://scontent.fbau3-1.fna.fbcdn.net/v/t39.35426-6/661813437_905273142377560_6179303891049812630_n.jpg?_nc_cat=104&ccb=1-7&_nc_sid=c53f8f&_nc_ohc=GKlWlFNxcVsQ7kNvwFcnpSd&_nc_oc=AdrgbTJy83f76aN8Z100beXr8I67HPWFhvuR3Shrq-Xujiy8xETitZHWUy9Iz2tMUuk&_nc_zt=14&_nc_ht=scontent.fbau3-1.fna&_nc_gid=zmvmZzPIG4A7L_P8p0oTOQ&_nc_ss=7a389&oh=00_Af3Xxs5k0MnN_n5i8IDQkxlgel6v61wW1cD43zJzHSRt7Q&oe=69E890F8,https://www.facebook.com/ads/library/?id=1656931405308023
TIER_1_ACTIVE,12,True,Coursiv,image,Kick-start your AI journey with Coursiv 🚀,Start Now,LEARN_MORE,Master AI with beginner-friendly courses. Learn ChatGPT and other AI tools for work and practical automation. No tech background needed. Join 800K+ learners.,https://coursiv.io/dynamic,2026-04-04 07:00:00,2026-04-16 07:00:00,"[""FACEBOOK"", ""INSTAGRAM"", ""AUDIENCE_NETWORK"", ""MESSENGER"", ""THREADS""]",1,529896.0,https://scontent.fbau3-1.fna.fbcdn.net/v/t39.35426-6/662399800_1521803649368273_81971933968459031_n.jpg?_nc_cat=111&ccb=1-7&_nc_sid=c53f8f&_nc_ohc=0gJ_99ZusmQQ7kNvwEjavT_&_nc_oc=AdpSFD2dNC9nI9JHwEwwDEUsY2QFp807NJE_uYfPMxA_fIVexbo6EKl6D5ULfW9untc&_nc_zt=14&_nc_ht=scontent.fbau3-1.fna&_nc_gid=XCA1PqW1ml12P3bc6yDpCw&_nc_ss=7a389&oh=00_Af1aKy2fl5f2q5DPpnPwKfzJTWtn1q6fDqmElf4IQaAtkw&oe=69E866E5,https://www.facebook.com/ads/library/?id=2766783057008236
TIER_1_ACTIVE,12,True,Coursiv,image,Kick-start your AI journey with Coursiv 🚀,Start Now,LEARN_MORE,Master AI with beginner-friendly courses. Learn ChatGPT and other AI tools for work and practical automation. No tech background needed. Join 800K+ learners.,https://coursiv.io/dynamic,2026-04-04 07:00:00,2026-04-16 07:00:00,"[""FACEBOOK"", ""INSTAGRAM"", ""AUDIENCE_NETWORK"", ""MESSENGER"", ""THREADS""]",1,529897.0,https://scontent.fbau3-1.fna.fbcdn.net/v/t39.35426-6/662833296_4457842107870739_8211282828809263771_n.jpg?_nc_cat=102&ccb=1-7&_nc_sid=c53f8f&_nc_ohc=14u7O1vuO8UQ7kNvwGq8mNq&_nc_oc=Adq_3J3pfguWU21BIqQvQu4fx-_yPD0oypM8PwBdDxwiIMD2q0eE3xKWmZmcexjixFA&_nc_zt=14&_nc_ht=scontent.fbau3-1.fna&_nc_gid=Aqh2b3c-KO3icoeO-dUSrQ&_nc_ss=7a389&oh=00_Af1hzAzWsjxDa4c-ZLpUDq-B0vorDgwP03Kd5KSmeU2anA&oe=69E8602C,https://www.facebook.com/ads/library/?id=1464236955404776
TIER_1_ACTIVE,12,True,Coursiv,image,¡Inicie su viaje hacia la IA con Coursiv 🚀,¡Empezar ahora!,LEARN_MORE,Master AI with beginner-friendly courses. Learn ChatGPT and other AI tools for work and practical automation. No tech background needed. Join 800K+ learners.,https://coursiv.io/es/dynamic,2026-04-04 07:00:00,2026-04-16 07:00:00,"[""FACEBOOK"", ""INSTAGRAM"", ""AUDIENCE_NETWORK"", ""MESSENGER"", ""THREADS""]",1,529893.0,https://scontent.fbau3-1.fna.fbcdn.net/v/t39.35426-6/663196517_1272888004821384_1887044051818145695_n.jpg?_nc_cat=111&ccb=1-7&_nc_sid=c53f8f&_nc_ohc=RFuZKDyN6XAQ7kNvwH4S8kg&_nc_oc=AdoLvadyjD0yLTiXq5HMclDvPUJpObh7wH3xVC4QXjOZCFk_Yl5YaSWyXFUZRhv-ygY&_nc_zt=14&_nc_ht=scontent.fbau3-1.fna&_nc_gid=CHlecsSKuEbmET8e2tJVzQ&_nc_ss=7a389&oh=00_Af0Ku1vmZdIPBy37qBOc-f8v1xpZAqZjgqwZ2ZNsWlaQvQ&oe=69E88386,https://www.facebook.com/ads/library/?id=798778733310102
TIER_1_ACTIVE,12,True,Coursiv,image,Kick-start your AI journey with Coursiv 🚀,Start Now,LEARN_MORE,Master AI with beginner-friendly courses. Learn ChatGPT and other AI tools for work and practical automation. No tech background needed. Join 800K+ learners.,https://coursiv.io/dynamic,2026-04-04 07:00:00,2026-04-16 07:00:00,"[""FACEBOOK"", ""INSTAGRAM"", ""AUDIENCE_NETWORK"", ""MESSENGER"", ""THREADS""]",1,529893.0,https://scontent.fbau3-1.fna.fbcdn.net/v/t39.35426-6/663249537_976874331446845_337597705180945998_n.jpg?_nc_cat=100&ccb=1-7&_nc_sid=c53f8f&_nc_ohc=SSasZpg4AgoQ7kNvwGJi3OL&_nc_oc=AdqRubDCU4pf-5zs7aF9CexjhvqGxZVMB7p4drblaCOFcOf6fudX1w3hKPzw_4KeXmw&_nc_zt=14&_nc_ht=scontent.fbau3-1.fna&_nc_gid=yc98JNTcKzGbbecDd5lDkg&_nc_ss=7a389&oh=00_Af2OckYbDHdwRHKs4bEwHYBVdVk1VWblS8Yk40RENr8p0A&oe=69E865F2,https://www.facebook.com/ads/library/?id=1692814941701125
TIER_1_ACTIVE,12,True,Coursiv,image,Kick-start your AI journey with Coursiv 🚀,Start Now,LEARN_MORE,Master AI with beginner-friendly courses. Learn ChatGPT and other AI tools for work and practical automation. No tech background needed. Join 800K+ learners.,https://coursiv.io/dynamic,2026-04-04 07:00:00,2026-04-16 07:00:00,"[""FACEBOOK"", ""INSTAGRAM"", ""AUDIENCE_NETWORK"", ""MESSENGER"", ""THREADS""]",1,529908.0,https://scontent.feoh14-1.fna.fbcdn.net/v/t39.35426-6/663249537_976874331446845_337597705180945998_n.jpg?_nc_cat=100&ccb=1-7&_nc_sid=c53f8f&_nc_ohc=SSasZpg4AgoQ7kNvwEt5aG3&_nc_oc=AdqJRlaUVWayNcLMy8JTFQqjEELLzv2ec_Euid6x1HSEpoY685A8RTtKkLC4Z1RmaJ8&_nc_zt=14&_nc_ht=scontent.feoh14-1.fna&_nc_gid=kPic-VJVEezfWz1fHsnJVw&_nc_ss=7a389&oh=00_Af3fvd2hfHsanmir2YIiCrQgADVIxCTw5TtX5JB_PkXqZg&oe=69E865F2,https://www.facebook.com/ads/library/?id=1314061943949647
TIER_1_ACTIVE,12,True,Coursiv AI Mastery,video,Devenez maître des outils d’IA avec Coursiv 🚀,Commencez maintenant,LEARN_MORE,,https://coursiv.io/fr/dynamic,2026-04-04 07:00:00,2026-04-16 07:00:00,"[""FACEBOOK"", ""INSTAGRAM"", ""AUDIENCE_NETWORK"", ""MESSENGER"", ""THREADS""]",1,26638.0,https://scontent.fbau3-2.fna.fbcdn.net/v/t39.35426-6/661069391_778478985089449_4334135323248593682_n.jpg?_nc_cat=109&ccb=1-7&_nc_sid=c53f8f&_nc_ohc=i3gQTrG7NqAQ7kNvwHU8xkQ&_nc_oc=AdoUycdbXH-CjBywO_mUQ0BboKJT3L-GpBUWT6WrIQaQvpsTAhISwFryT2tLLOQyzbA&_nc_zt=14&_nc_ht=scontent.fbau3-2.fna&_nc_gid=MGR-zETjpu3aW0nJHoA5XA&_nc_ss=7a389&oh=00_Af0wg8B2cBxegRnsZRYWGC1TOINX0DMJq885AwnQl_7VRw&oe=69E88423,https://www.facebook.com/ads/library/?id=1302601715051433
TIER_1_ACTIVE,11,True,Coursiv,video,Kick-start your AI journey with Coursiv 🚀,Start Now,LEARN_MORE,,https://coursiv.io/dynamic,2026-04-05 07:00:00,2026-04-16 07:00:00,"[""FACEBOOK"", ""INSTAGRAM"", ""AUDIENCE_NETWORK"", ""MESSENGER"", ""THREADS""]",1,529897.0,https://scontent.fbau3-2.fna.fbcdn.net/v/t39.35426-6/667304585_26630396223220845_326049476381996497_n.jpg?_nc_cat=110&ccb=1-7&_nc_sid=c53f8f&_nc_ohc=s5T8VKa2n7MQ7kNvwFE9c3G&_nc_oc=AdpRfn5zfc1jNwv9vo1eBGjLM5cAUc9cJx742lEVicIWPddwTV_ZnWglEA_G1h-wKsQ&_nc_zt=14&_nc_ht=scontent.fbau3-2.fna&_nc_gid=c2fQRbF0qGoPEvnrTZLSTw&_nc_ss=7a389&oh=00_Af0GmqA9-V6FlLotQqxqrl90FNdVWs02ECMbw6ln_2Xc-A&oe=69E881B6,https://www.facebook.com/ads/library/?id=1455343916128113
TIER_1_ACTIVE,11,True,Coursiv,video,Kick-start your AI journey with Coursiv 🚀,Start Now,LEARN_MORE,,https://coursiv.io/dynamic,2026-04-05 07:00:00,2026-04-16 07:00:00,"[""FACEBOOK"", ""INSTAGRAM"", ""AUDIENCE_NETWORK"", ""MESSENGER"", ""THREADS""]",1,529905.0,https://scontent.fbau3-2.fna.fbcdn.net/v/t39.35426-6/666461354_1747436573293046_7473042153982700628_n.jpg?_nc_cat=107&ccb=1-7&_nc_sid=c53f8f&_nc_ohc=ge1xcrUt7DIQ7kNvwG7yggf&_nc_oc=AdpT87syd99N2-3XLzLVjpj6rxGTpZp3B6MTyJxx46RRhO3D2f0YVxVs3nGVlsRdbQg&_nc_zt=14&_nc_ht=scontent.fbau3-2.fna&_nc_gid=ae_kG0l5Cii03HBOuvqKJQ&_nc_ss=7a389&oh=00_Af1YTEBs2HdgqQGnaJ4Btp6qZO09Y5VKUZJVlGSkqJwUpA&oe=69E885E6,https://www.facebook.com/ads/library/?id=3127437240798331
TIER_1_ACTIVE,11,True,Coursiv,image,Kick-start your AI journey with Coursiv 🚀,Start Now,LEARN_MORE,Master AI with beginner-friendly courses. Learn ChatGPT and other AI tools for work and practical automation. No tech background needed. Join 800K+ learners.,https://coursiv.io/dynamic,2026-04-05 07:00:00,2026-04-16 07:00:00,"[""FACEBOOK"", ""INSTAGRAM"", ""AUDIENCE_NETWORK"", ""MESSENGER"", ""THREADS""]",1,529905.0,https://scontent.fbau3-2.fna.fbcdn.net/v/t39.35426-6/660541156_824429796730713_2008476833515457552_n.jpg?_nc_cat=105&ccb=1-7&_nc_sid=c53f8f&_nc_ohc=JsYAH4iEmwoQ7kNvwGq34Yd&_nc_oc=AdrtVM01lNk7l0IVItyxiQDm8xlbE1Nr_fQFY8tSj68j5MJCnTdtIaPx6ni6iFTNFJI&_nc_zt=14&_nc_ht=scontent.fbau3-2.fna&_nc_gid=_XWMnAGEmLWBem8xL1H5gA&_nc_ss=7a389&oh=00_Af3S2yFnO1xcTJTZvSuIQy6rAN-sY6lzr5UDgA_wdy7fbQ&oe=69E883FE,https://www.facebook.com/ads/library/?id=1589669358996019
TIER_1_ACTIVE,11,True,Coursiv,video,Kick-start your AI journey with Coursiv 🚀,Start Now,LEARN_MORE,,https://coursiv.io/dynamic,2026-04-05 07:00:00,2026-04-16 07:00:00,"[""FACEBOOK"", ""INSTAGRAM"", ""AUDIENCE_NETWORK"", ""MESSENGER"", ""THREADS""]",1,529890.0,https://scontent.fbau3-2.fna.fbcdn.net/v/t39.35426-6/666485105_2824255194595462_6614147750918638600_n.jpg?_nc_cat=105&ccb=1-7&_nc_sid=c53f8f&_nc_ohc=DrqgYz3pthgQ7kNvwEcBvpD&_nc_oc=Ado9aMeQGvDOGd_gRV4yvn1k4UOPQt0lwCRu-n_QbVdlaFzVX5JS4JXvS1IHH8rEDaM&_nc_zt=14&_nc_ht=scontent.fbau3-2.fna&_nc_gid=uqkHtwSireqS8-c7NSjRoA&_nc_ss=7a389&oh=00_Af0xQ8GcgjxLbLdmrkHf_dbhNprUZiWRr7gd3jjQQTPouw&oe=69E88F5A,https://www.facebook.com/ads/library/?id=2797164610682502
TIER_1_ACTIVE,11,True,Coursiv,video,Kick-start your AI journey with Coursiv 🚀,Start Now,LEARN_MORE,,https://coursiv.io/dynamic,2026-04-05 07:00:00,2026-04-16 07:00:00,"[""FACEBOOK"", ""INSTAGRAM"", ""AUDIENCE_NETWORK"", ""MESSENGER"", ""THREADS""]",1,529897.0,https://scontent.fbau3-2.fna.fbcdn.net/v/t39.35426-6/663122562_2086111818628572_5558721922154284118_n.jpg?_nc_cat=108&ccb=1-7&_nc_sid=c53f8f&_nc_ohc=czVbbJBMRTgQ7kNvwE9VKn4&_nc_oc=AdpRwR3LAq7NX0TJ0bvlEPY8feMUnpdpltsOcwd8szkf4sG2W9RmxDJDHunNwTKrISQ&_nc_zt=14&_nc_ht=scontent.fbau3-2.fna&_nc_gid=KF4tcM_xi5yAZokz5HMNJQ&_nc_ss=7a389&oh=00_Af1SqGvbVOz6HUXp_4a38O9U1dZYvalQOfqUqKdrsed3Jg&oe=69E8776F,https://www.facebook.com/ads/library/?id=1733505997702780
TIER_1_ACTIVE,11,True,Coursiv,video,Kick-start your AI journey with Coursiv 🚀,Start Now,LEARN_MORE,,https://coursiv.io/dynamic,2026-04-05 07:00:00,2026-04-16 07:00:00,"[""FACEBOOK"", ""INSTAGRAM"", ""AUDIENCE_NETWORK"", ""MESSENGER"", ""THREADS""]",1,529908.0,https://scontent.feoh14-1.fna.fbcdn.net/v/t39.35426-6/661369993_803706165696472_3001658226362664690_n.jpg?_nc_cat=106&ccb=1-7&_nc_sid=c53f8f&_nc_ohc=19Q8Sb1lF38Q7kNvwHHyY92&_nc_oc=AdojRmkdrbFdMv2a8wsq-va54WcB4E2w67P5UJ_N_Es2yXIJjfp-WSQy1VXfx6elIDs&_nc_zt=14&_nc_ht=scontent.feoh14-1.fna&_nc_gid=DAaaD7L8gPMbMKzNnzbvJg&_nc_ss=7a389&oh=00_Af0RCgL_9YmvXIEjgJIvvIQiqBJCTXlja0F7xZGuYmjVlg&oe=69E88132,https://www.facebook.com/ads/library/?id=951564170797546
TIER_1_ACTIVE,10,True,Coursiv,video,Kick-start your AI journey with Coursiv 🚀,Start Now,LEARN_MORE,,https://coursiv.io/dynamic,2026-04-06 07:00:00,2026-04-16 07:00:00,"[""FACEBOOK"", ""INSTAGRAM"", ""AUDIENCE_NETWORK"", ""MESSENGER"", ""THREADS""]",1,529908.0,https://scontent.feoh8-1.fna.fbcdn.net/v/t39.35426-6/668218149_1759222795040605_4276006558054019024_n.jpg?_nc_cat=108&ccb=1-7&_nc_sid=c53f8f&_nc_ohc=pIAblRaKepUQ7kNvwEMAvuG&_nc_oc=AdpSOgv7E2BzBjwDg8kWfj3SKm9m2NAwTU1DetEf38dB29BpEASfDWbSUTxRdBp5iX4&_nc_zt=14&_nc_ht=scontent.feoh8-1.fna&_nc_gid=hGH6xN5BUusl7cQ6knVGDw&_nc_ss=7a389&oh=00_Af1qfd3Y9ISsfB9rELeEDYpCl0Mh9hBC_7ymBcGEzSEaYA&oe=69E89242,https://www.facebook.com/ads/library/?id=1668612334320635
TIER_1_ACTIVE,10,True,Coursiv,video,Kick-start your AI journey with Coursiv 🚀,Start Now,LEARN_MORE,,https://coursiv.io/dynamic,2026-04-06 07:00:00,2026-04-16 07:00:00,"[""FACEBOOK"", ""INSTAGRAM"", ""AUDIENCE_NETWORK"", ""MESSENGER"", ""THREADS""]",1,529898.0,https://scontent.fbau3-1.fna.fbcdn.net/v/t39.35426-6/663329638_2803112963372449_2974109829879169560_n.jpg?_nc_cat=111&ccb=1-7&_nc_sid=c53f8f&_nc_ohc=HJqgtF1pxgMQ7kNvwFShg6n&_nc_oc=AdrPWHyRbaxJXbxsuAImiQBBT-gQedwskmFZnch1bF2pPHQyMN2KtFU_W6kBgpdZDc0&_nc_zt=14&_nc_ht=scontent.fbau3-1.fna&_nc_gid=I-N5uVGtBq-66l72IjWmWw&_nc_ss=7a389&oh=00_Af3Q582K9tfovsSpTMcpdZi4uJ0T6VuTxr6KDDOBGc2YBg&oe=69E87EA2,https://www.facebook.com/ads/library/?id=1594489165174565
TIER_1_ACTIVE,10,True,Coursiv,video,Kick-start your AI journey with Coursiv 🚀,Start Now,LEARN_MORE,,https://coursiv.io/dynamic,2026-04-06 07:00:00,2026-04-16 07:00:00,"[""FACEBOOK"", ""INSTAGRAM"", ""AUDIENCE_NETWORK"", ""MESSENGER"", ""THREADS""]",1,529910.0,https://scontent.feoh14-1.fna.fbcdn.net/v/t39.35426-6/662118009_929475043282217_3403568400405380589_n.jpg?_nc_cat=111&ccb=1-7&_nc_sid=c53f8f&_nc_ohc=RdsfhJiXKUQQ7kNvwF4ttiv&_nc_oc=AdpGOJDdpga71bMd-ZiJD9LbukMtnKS0jAORzZDfcw8wlySxCIpsImfewsaz-MT1Orc&_nc_zt=14&_nc_ht=scontent.feoh14-1.fna&_nc_gid=i1OcMzuIxCRvbhv0lB7GEg&_nc_ss=7a389&oh=00_Af2Iq_3Bo53e5sjZCHw7Yhs9PBTe0UeX16WO_lx2oillTA&oe=69E87A57,https://www.facebook.com/ads/library/?id=1099204819934222
TIER_1_ACTIVE,10,True,Coursiv,video,Kick-start your AI journey with Coursiv 🚀,Start Now,LEARN_MORE,,https://coursiv.io/dynamic,2026-04-06 07:00:00,2026-04-16 07:00:00,"[""FACEBOOK"", ""INSTAGRAM"", ""AUDIENCE_NETWORK"", ""MESSENGER"", ""THREADS""]",1,529893.0,https://scontent.fbau3-2.fna.fbcdn.net/v/t39.35426-6/663309377_932560789591483_4826855129797874483_n.jpg?_nc_cat=110&ccb=1-7&_nc_sid=c53f8f&_nc_ohc=2yWoXg5F--QQ7kNvwEcqQtS&_nc_oc=Adrdw253vUlSJ5VK36ps3y0aSVH2e7MW0XjaF8BQKg9AcH8wpyo7ayZwvuI7NfpB72A&_nc_zt=14&_nc_ht=scontent.fbau3-2.fna&_nc_gid=L9-y19a4OacNLFriJs40kg&_nc_ss=7a389&oh=00_Af3BU08NJQNJzCKaksVSuNfyX2xk7ZBxC3z3DZkiHKaQDw&oe=69E87556,https://www.facebook.com/ads/library/?id=1974224877304261
TIER_1_ACTIVE,10,True,Coursiv,video,Kick-start your AI journey with Coursiv 🚀,Start Now,LEARN_MORE,,https://coursiv.io/dynamic,2026-04-06 07:00:00,2026-04-16 07:00:00,"[""FACEBOOK"", ""INSTAGRAM"", ""AUDIENCE_NETWORK"", ""MESSENGER"", ""THREADS""]",1,529902.0,https://scontent.fbau3-1.fna.fbcdn.net/v/t39.35426-6/667477415_1282455610479666_1576435000421661844_n.jpg?_nc_cat=102&ccb=1-7&_nc_sid=c53f8f&_nc_ohc=4obj6KWoLsEQ7kNvwE0046n&_nc_oc=Adoc_7G111cDhNDMCDyTe-djhiGtd_OvNUJCZLMsPEQBTWOq_Ufk9NE7i6w30o9f_Do&_nc_zt=14&_nc_ht=scontent.fbau3-1.fna&_nc_gid=95gI3ee-QA_cz1w-jv01Mw&_nc_ss=7a389&oh=00_Af0X-9zoDOBUgbLin52oc4--eaS0tGFS1uqCSUZxZ2KchQ&oe=69E87DC8,https://www.facebook.com/ads/library/?id=34748539718123289
TIER_1_ACTIVE,9,True,Coursiv,image,Kick-start your AI journey with Coursiv 🚀,Start Now,LEARN_MORE,Master AI with beginner-friendly courses. Learn ChatGPT and other AI tools for work and practical automation. No tech background needed. Join 800K+ learners.,https://coursiv.io/dynamic,2026-04-07 07:00:00,2026-04-16 07:00:00,"[""FACEBOOK"", ""INSTAGRAM"", ""AUDIENCE_NETWORK"", ""MESSENGER"", ""THREADS""]",1,529885.0,https://scontent.fbau3-1.fna.fbcdn.net/v/t39.35426-6/666000995_1341649904592169_8738786797371377630_n.jpg?_nc_cat=104&ccb=1-7&_nc_sid=c53f8f&_nc_ohc=eQnQnFjO2zcQ7kNvwH8KqCq&_nc_oc=AdpJCCVpgumviyaFarbY31uoO932swp9ditH1FIYevg6KBmkGl0XLPCamW9n03C3k74&_nc_zt=14&_nc_ht=scontent.fbau3-1.fna&_nc_gid=5OE0k1nIztij7MtZpwaxag&_nc_ss=7a389&oh=00_Af3Q09OWIeJbsF54jG9aQrPrpk7CSRZwzd7gj2QjLNG0pw&oe=69E87227,https://www.facebook.com/ads/library/?id=949380237696922
TIER_1_ACTIVE,8,True,Coursiv,video,Devenez maître des outils d’IA avec Coursiv 🚀,Commencez maintenant,LEARN_MORE,,https://coursiv.io/fr/dynamic,2026-04-08 07:00:00,2026-04-16 07:00:00,"[""FACEBOOK"", ""INSTAGRAM"", ""AUDIENCE_NETWORK"", ""MESSENGER"", ""THREADS""]",1,529897.0,https://scontent.fbau3-1.fna.fbcdn.net/v/t39.35426-6/666035873_914583774736067_6004193428784366368_n.jpg?_nc_cat=101&ccb=1-7&_nc_sid=c53f8f&_nc_ohc=5yAHaLBATagQ7kNvwFuRDwy&_nc_oc=AdohIJ1TOJVkAxHDeUW5UWuzVOSAFvV-OCwZGyTZEVQyxjoO8Meqch27wy0AhQD5rN4&_nc_zt=14&_nc_ht=scontent.fbau3-1.fna&_nc_gid=oGkOCPiv_2noLRHFZ5RHxQ&_nc_ss=7a389&oh=00_Af3JMH78wquiZPXLoZ7aXCUuZCPSZPH3fkNBq_8MswL9VA&oe=69E86475,https://www.facebook.com/ads/library/?id=1500817038309215
TIER_1_ACTIVE,7,True,Coursiv,image,Kick-start your AI journey with Coursiv 🚀,Start Now,LEARN_MORE,Master AI with beginner-friendly courses. Learn ChatGPT and other AI tools for work and practical automation. No tech background needed. Join 800K+ learners.,https://coursiv.io/dynamic,2026-04-09 07:00:00,2026-04-16 07:00:00,"[""FACEBOOK"", ""INSTAGRAM"", ""AUDIENCE_NETWORK"", ""MESSENGER"", ""THREADS""]",1,529887.0,https://scontent.fbau3-1.fna.fbcdn.net/v/t39.35426-6/666519715_1455022526114484_2655322136851577544_n.jpg?_nc_cat=104&ccb=1-7&_nc_sid=c53f8f&_nc_ohc=KfKtYXF2HJUQ7kNvwHDJS9B&_nc_oc=AdqA9WD4ouRJ4miVVvJJ7Qe5fiUEjaUQjI4OM385FIgRMJi5YowGVt4aE1FTsW-y58A&_nc_zt=14&_nc_ht=scontent.fbau3-1.fna&_nc_gid=vh49668Rq83fJCe3QYC8dA&_nc_ss=7a389&oh=00_Af1bDP3yQu0Jb4CMIuw2jmzB0irC0981C9pbY1zyiZTuSg&oe=69E87EE5,https://www.facebook.com/ads/library/?id=1999688023972563
TIER_1_ACTIVE,7,True,Coursiv,image,Kick-start your AI journey with Coursiv 🚀,Start Now,LEARN_MORE,Master AI with beginner-friendly courses. Learn ChatGPT and other AI tools for work and practical automation. No tech background needed. Join 800K+ learners.,https://coursiv.io/dynamic,2026-04-10 07:00:00,2026-04-17 07:00:00,"[""FACEBOOK"", ""INSTAGRAM"", ""AUDIENCE_NETWORK"", ""MESSENGER"", ""THREADS""]",1,529912.0,https://scontent.feoh14-1.fna.fbcdn.net/v/t39.35426-6/670483430_880205145047053_6059700851085794293_n.jpg?_nc_cat=107&ccb=1-7&_nc_sid=c53f8f&_nc_ohc=0umgbSQY4f0Q7kNvwHgFHaW&_nc_oc=AdqcNHwGOnxoM36eI_XTh5oY5JvzwNEsReGfQCbJwju5Vl_VKBds0SSGRJ9WV29hzKM&_nc_zt=14&_nc_ht=scontent.feoh14-1.fna&_nc_gid=-RMV0RQ1XLvgTZEEsLGpsw&_nc_ss=7a389&oh=00_Af2Xr3qmkq0QcO773Vk69JNxVzwcfGoUshZof1Cc6yJ_oA&oe=69E86CB0,https://www.facebook.com/ads/library/?id=1658275058703160
TIER_1_ACTIVE,6,True,Coursiv,image,Kick-start your AI journey with Coursiv 🚀,Start Now,LEARN_MORE,Master AI with beginner-friendly courses. Learn ChatGPT and other AI tools for work and practical automation. No tech background needed. Join 800K+ learners.,https://coursiv.io/dynamic,2026-04-10 07:00:00,2026-04-16 07:00:00,"[""FACEBOOK"", ""INSTAGRAM"", ""AUDIENCE_NETWORK"", ""MESSENGER"", ""THREADS""]",1,529908.0,https://scontent.feoh14-1.fna.fbcdn.net/v/t39.35426-6/668270561_2146029572857112_3649889535517631252_n.jpg?_nc_cat=109&ccb=1-7&_nc_sid=c53f8f&_nc_ohc=XKXDZCiu9KIQ7kNvwG1lLfm&_nc_oc=AdqMe9mOirpY20bZxLlc54jNK5_8U6pHohOGLIza7QPfVT0gTxhpVc9HKPp-dD_OsJY&_nc_zt=14&_nc_ht=scontent.feoh14-1.fna&_nc_gid=y4h2Jl96XqAjSKTfw-KVmg&_nc_ss=7a389&oh=00_Af3ZRyFCsgX95gQD6wIZ3S1ZJfV-FSuXGca_TRqF6pY9Sw&oe=69E87CBF,https://www.facebook.com/ads/library/?id=920303717458499
TIER_1_ACTIVE,6,True,Coursiv,video,Kick-start your AI journey with Coursiv 🚀,Start Now,LEARN_MORE,,https://coursiv.io/dynamic,2026-04-10 07:00:00,2026-04-16 07:00:00,"[""FACEBOOK"", ""INSTAGRAM"", ""AUDIENCE_NETWORK"", ""MESSENGER"", ""THREADS""]",1,529913.0,https://scontent.feoh14-1.fna.fbcdn.net/v/t39.35426-6/668489347_976629091713312_4397227284439923583_n.jpg?_nc_cat=103&ccb=1-7&_nc_sid=c53f8f&_nc_ohc=C4VsRQg_q1sQ7kNvwGwfI2e&_nc_oc=Adrk34chP1qqaFlU_uXSOObTIHgE4xkTEtKCbV9zUM_yzRTrr6xtp62gCZt7QJQjLYw&_nc_zt=14&_nc_ht=scontent.feoh14-1.fna&_nc_gid=YQgadQMkwte_d6bmaKvKbg&_nc_ss=7a389&oh=00_Af2wrvp37W833c2u4lJJVaP4kcZ_r3o8FRjLH3OmGUXg6A&oe=69E891AE,https://www.facebook.com/ads/library/?id=925419766956689
TIER_1_ACTIVE,5,True,Coursiv,image,Kick-start your AI journey with Coursiv 🚀,Start Now,LEARN_MORE,Master AI with beginner-friendly courses. Learn ChatGPT and other AI tools for work and practical automation. No tech background needed. Join 800K+ learners.,https://coursiv.io/dynamic,2026-04-11 07:00:00,2026-04-16 07:00:00,"[""FACEBOOK"", ""INSTAGRAM"", ""AUDIENCE_NETWORK"", ""MESSENGER"", ""THREADS""]",1,282608.0,https://scontent.fbau3-2.fna.fbcdn.net/v/t39.35426-6/670875752_1456467468685520_5067394750187167293_n.jpg?_nc_cat=108&ccb=1-7&_nc_sid=c53f8f&_nc_ohc=OIXJ1t2EI2cQ7kNvwFjGTjt&_nc_oc=AdqeA8MmRa6uIuODUnYwaD-5JbXlYUC6BaxKHeLIvFW6tYofw12HF62wkIFflgVTEeU&_nc_zt=14&_nc_ht=scontent.fbau3-2.fna&_nc_gid=iBUdbvFkonFrb-LOVGJZZA&_nc_ss=7a389&oh=00_Af2x20UrXEpR-zj4U-A9Hmt5OoCn870e-BqBEOeOmURYAQ&oe=69E86B26,https://www.facebook.com/ads/library/?id=992289199895919
TIER_1_ACTIVE,5,True,Coursiv,image,Kick-start your AI journey with Coursiv 🚀,Start Now,LEARN_MORE,Master AI with beginner-friendly courses. Learn ChatGPT and other AI tools for work and practical automation. No tech background needed. Join 800K+ learners.,https://coursiv.io/dynamic,2026-04-11 07:00:00,2026-04-16 07:00:00,"[""FACEBOOK"", ""INSTAGRAM"", ""AUDIENCE_NETWORK"", ""MESSENGER"", ""THREADS""]",1,282609.0,https://scontent.feoh8-1.fna.fbcdn.net/v/t39.35426-6/669848557_1467200548774307_8849630275798640363_n.jpg?_nc_cat=102&ccb=1-7&_nc_sid=c53f8f&_nc_ohc=BmX1V0HcV2UQ7kNvwHARUCn&_nc_oc=AdrV4Gpr46XiUAo6oYls2o1xlXHEZaMZfoDS0WwdUUTeR0OSRAsphs7uUhoFvPQaKa8&_nc_zt=14&_nc_ht=scontent.feoh8-1.fna&_nc_gid=Bowf-kVn3feBSyuXM997zw&_nc_ss=7a389&oh=00_Af3mMQh3K1ajyBRiiTCheoZQSyD9vVKcid9Tcwvszx1kTQ&oe=69E87F53,https://www.facebook.com/ads/library/?id=960100586567136
TIER_1_ACTIVE,5,True,Coursiv,image,Kick-start your AI journey with Coursiv 🚀,Start Now,LEARN_MORE,Master AI with beginner-friendly courses. Learn ChatGPT and other AI tools for work and practical automation. No tech background needed. Join 800K+ learners.,https://coursiv.io/dynamic,2026-04-11 07:00:00,2026-04-16 07:00:00,"[""FACEBOOK"", ""INSTAGRAM"", ""AUDIENCE_NETWORK"", ""MESSENGER"", ""THREADS""]",1,529907.0,https://scontent.fbau3-1.fna.fbcdn.net/v/t39.35426-6/669059405_1697073524759887_1191998668803232581_n.jpg?_nc_cat=102&ccb=1-7&_nc_sid=c53f8f&_nc_ohc=Jw9BvVpiysAQ7kNvwGLmibd&_nc_oc=AdoyO4Er8tEdFdVThzB71-C_2Qz-p_JNNfmzw2ytDVgzHHidLh16s5NEW7Xlivcj-Ow&_nc_zt=14&_nc_ht=scontent.fbau3-1.fna&_nc_gid=mPFz63Mv0e8MQXyLkBHMWw&_nc_ss=7a389&oh=00_Af1-q0BiAJlXOJqKDWV_MKc7wVuILBkD21ObLCUFE7wkfw&oe=69E884F9,https://www.facebook.com/ads/library/?id=1412721030540226
TIER_1_ACTIVE,5,True,Coursiv,video,Devenez maître des outils d’IA avec Coursiv 🚀,Commencez maintenant,LEARN_MORE,,https://coursiv.io/fr/dynamic,2026-04-11 07:00:00,2026-04-16 07:00:00,"[""FACEBOOK"", ""INSTAGRAM"", ""AUDIENCE_NETWORK"", ""MESSENGER"", ""THREADS""]",1,529909.0,https://scontent.feoh14-1.fna.fbcdn.net/v/t39.35426-6/670786673_887984647622136_6524877566373566349_n.jpg?_nc_cat=109&ccb=1-7&_nc_sid=c53f8f&_nc_ohc=9Yw7ME7BAnkQ7kNvwFCcHnN&_nc_oc=Adp--nmltdakwrKB4tXkKzoDA936q8hKmEvXaJwmQArz9RtmHcsk10GBjrBiKzGAZKk&_nc_zt=14&_nc_ht=scontent.feoh14-1.fna&_nc_gid=BTttWu5y-L6RS_Eg5hvWMQ&_nc_ss=7a389&oh=00_Af0UqTEY9NCCd_tcSBjI6yBYAFGyDJwxjPNeD9ctr43nqQ&oe=69E863A0,https://www.facebook.com/ads/library/?id=1246982364268703
TIER_1_ACTIVE,5,True,Coursiv,video,Devenez maître des outils d’IA avec Coursiv 🚀,Commencez maintenant,LEARN_MORE,,https://coursiv.io/fr/dynamic,2026-04-11 07:00:00,2026-04-16 07:00:00,"[""FACEBOOK"", ""INSTAGRAM"", ""AUDIENCE_NETWORK"", ""MESSENGER"", ""THREADS""]",1,529899.0,https://scontent.fbau3-1.fna.fbcdn.net/v/t39.35426-6/668622772_1342849184481152_2542948768381108891_n.jpg?_nc_cat=101&ccb=1-7&_nc_sid=c53f8f&_nc_ohc=gCnn9MdMxQ4Q7kNvwEuncCZ&_nc_oc=AdrxB6gdZnypcApej12hfqsHHkXCU-mDFcU7l3Wdb-OoJ4w5EdBglKqk4i-G3YAuslU&_nc_zt=14&_nc_ht=scontent.fbau3-1.fna&_nc_gid=yfUAtkYxql8n9TVXtzPu2Q&_nc_ss=7a389&oh=00_Af0uLUf-Noak14Y3gP_45kK8zhTdB_qpeKPgtoge_rZsMg&oe=69E87D3F,https://www.facebook.com/ads/library/?id=993346956356140
TIER_1_ACTIVE,5,True,Coursiv,image,¡Inicie su viaje hacia la IA con Coursiv 🚀,¡Empezar ahora!,LEARN_MORE,Master AI with beginner-friendly courses. Learn ChatGPT and other AI tools for work and practical automation. No tech background needed. Join 800K+ learners.,https://coursiv.io/es/dynamic,2026-04-11 07:00:00,2026-04-16 07:00:00,"[""FACEBOOK"", ""INSTAGRAM"", ""AUDIENCE_NETWORK"", ""MESSENGER"", ""THREADS""]",1,529890.0,https://scontent.fbau3-1.fna.fbcdn.net/v/t39.35426-6/670873872_1306881144647814_3234043455634699435_n.jpg?_nc_cat=101&ccb=1-7&_nc_sid=c53f8f&_nc_ohc=dfBel3cXrzkQ7kNvwEklYCy&_nc_oc=Adq7otbSl-8jiDp2CIXlk4KE3WR4RvhYJIrNm5wDZVruBIiSV4KIVXuuGd3BvHovbLY&_nc_zt=14&_nc_ht=scontent.fbau3-1.fna&_nc_gid=lyTndrtncVRhrgdAgIVMCA&_nc_ss=7a389&oh=00_Af0Rgq4IFg7mDtPa1_iqkYzGeBK-GojcBiJvWI2m54_ITA&oe=69E85E3D,https://www.facebook.com/ads/library/?id=2096094100933287
TIER_1_ACTIVE,5,True,Coursiv,image,Kick-start your AI journey with Coursiv 🚀,Start Now,LEARN_MORE,Master AI with beginner-friendly courses. Learn ChatGPT and other AI tools for work and practical automation. No tech background needed. Join 800K+ learners.,https://coursiv.io/dynamic,2026-04-11 07:00:00,2026-04-16 07:00:00,"[""FACEBOOK"", ""INSTAGRAM"", ""AUDIENCE_NETWORK"", ""MESSENGER"", ""THREADS""]",1,529893.0,https://scontent.fbau3-2.fna.fbcdn.net/v/t39.35426-6/670967541_1513071310338480_3074750079672025521_n.jpg?_nc_cat=107&ccb=1-7&_nc_sid=c53f8f&_nc_ohc=WVd42TNwytkQ7kNvwG-5TLc&_nc_oc=Adp5QhoqYcf_tQ3PFc5GnedYHHogm-Ei4BK6YAgWNsUJtsZnDPUwBxETRFywTTGXLgs&_nc_zt=14&_nc_ht=scontent.fbau3-2.fna&_nc_gid=8sZYA17K54U6wUgWyIUUvw&_nc_ss=7a389&oh=00_Af1hbbAZeroDYiIx7Lw89ASOfDJ5C5l_Rn5pLqur2yH5xg&oe=69E86017,https://www.facebook.com/ads/library/?id=922676227243969
TIER_1_ACTIVE,4,True,Coursiv,video,Kick-start your AI journey with Coursiv 🚀,Start Now,LEARN_MORE,,https://coursiv.io/dynamic,2026-04-12 07:00:00,2026-04-16 07:00:00,"[""FACEBOOK"", ""INSTAGRAM"", ""AUDIENCE_NETWORK"", ""MESSENGER"", ""THREADS""]",1,529886.0,https://scontent.fbau3-1.fna.fbcdn.net/v/t39.35426-6/668722792_1610202386851251_7596192401301508413_n.jpg?_nc_cat=103&ccb=1-7&_nc_sid=c53f8f&_nc_ohc=cCC3gSJGbHIQ7kNvwHQfmw_&_nc_oc=AdqUSnoygEEe1y3InOAUwD8jn43K_HvvJSUxFFRUXIJQLv6jpNoXeax9iLfiRpIeTmg&_nc_zt=14&_nc_ht=scontent.fbau3-1.fna&_nc_gid=h87XeIXLSh5sHVX9zhuJWA&_nc_ss=7a389&oh=00_Af0UhdPo__49PrMXDjdgxu0Imvl8lcq9AbJOpulqsujMVg&oe=69E89185,https://www.facebook.com/ads/library/?id=1306803517984175
TIER_1_ACTIVE,4,True,Coursiv,video,Kick-start your AI journey with Coursiv 🚀,Start Now,LEARN_MORE,,https://coursiv.io/dynamic,2026-04-12 07:00:00,2026-04-16 07:00:00,"[""FACEBOOK"", ""INSTAGRAM"", ""AUDIENCE_NETWORK"", ""MESSENGER"", ""THREADS""]",1,529899.0,https://scontent.fbau3-1.fna.fbcdn.net/v/t39.35426-6/669339787_1483653533204047_8092944336772547608_n.jpg?_nc_cat=111&ccb=1-7&_nc_sid=c53f8f&_nc_ohc=JCq-URQn-cUQ7kNvwF16kiF&_nc_oc=AdpFJebSFhQv2XSMNBV9wTt4kZRTDjr7_vdNeUUdJvWul_oMEdpFga1Mc_9Ey9rpDZ0&_nc_zt=14&_nc_ht=scontent.fbau3-1.fna&_nc_gid=8nExH0fu22Lq-f1odiNOtQ&_nc_ss=7a389&oh=00_Af216gKNfDRGglRmuCZL3NZRjkx2WnSIJORdW0H0Q7pgRg&oe=69E87BC9,https://www.facebook.com/ads/library/?id=957530220007074
TIER_1_ACTIVE,4,True,Coursiv,video,Kick-start your AI journey with Coursiv 🚀,Start Now,LEARN_MORE,,https://coursiv.io/dynamic,2026-04-12 07:00:00,2026-04-16 07:00:00,"[""FACEBOOK"", ""INSTAGRAM"", ""AUDIENCE_NETWORK"", ""MESSENGER"", ""THREADS""]",1,529886.0,https://scontent.fbau3-1.fna.fbcdn.net/v/t39.35426-6/671120027_1440148803879647_7374039880594922299_n.jpg?_nc_cat=111&ccb=1-7&_nc_sid=c53f8f&_nc_ohc=P7_XPapb2fwQ7kNvwHbJUAM&_nc_oc=AdqI8QGo7UFG4K_tVm51BEegof--WZLzXZzB_22748GIFKJIIrVk7cVH9-SmXLhEscM&_nc_zt=14&_nc_ht=scontent.fbau3-1.fna&_nc_gid=eFUsJf_VJVgNBk4nkPJ2og&_nc_ss=7a389&oh=00_Af3Xn066TXhG_svuaXNi-gole7oaVDV1o5NXvBvbKCHxXw&oe=69E87E8B,https://www.facebook.com/ads/library/?id=1312994200694157
TIER_1_ACTIVE,4,True,Coursiv,image,Kick-start your AI journey with Coursiv 🚀,Start Now,LEARN_MORE,Master AI with beginner-friendly courses. Learn ChatGPT and other AI tools for work and practical automation. No tech background needed. Join 800K+ learners.,https://coursiv.io/dynamic,2026-04-12 07:00:00,2026-04-16 07:00:00,"[""FACEBOOK"", ""INSTAGRAM"", ""AUDIENCE_NETWORK"", ""MESSENGER"", ""THREADS""]",1,529891.0,https://scontent.fbau3-1.fna.fbcdn.net/v/t39.35426-6/669708577_952179370542435_1543705901582351439_n.jpg?_nc_cat=111&ccb=1-7&_nc_sid=c53f8f&_nc_ohc=I5smjRlchWMQ7kNvwHTjuJ4&_nc_oc=Adow_zJDTP_y4y8B22iP4qMcQhuAJxl88vekvUl91mcoL6DIpJ0WacExN3k0V8MDFEA&_nc_zt=14&_nc_ht=scontent.fbau3-1.fna&_nc_gid=KnSswtOUuwduRx82AqFXzA&_nc_ss=7a389&oh=00_Af1vR0a8IcgjjF4CYW35b53i_niIMM_V-WCv53J_0No7sA&oe=69E869F8,https://www.facebook.com/ads/library/?id=940256998751303
TIER_1_ACTIVE,4,True,Coursiv,video,Kick-start your AI journey with Coursiv 🚀,Start Now,LEARN_MORE,,https://coursiv.io/dynamic,2026-04-12 07:00:00,2026-04-16 07:00:00,"[""FACEBOOK"", ""INSTAGRAM"", ""AUDIENCE_NETWORK"", ""MESSENGER"", ""THREADS""]",1,529891.0,https://scontent.fbau3-1.fna.fbcdn.net/v/t39.35426-6/669359676_960270700266453_550741696083553524_n.jpg?_nc_cat=102&ccb=1-7&_nc_sid=c53f8f&_nc_ohc=JLtO1lFTRu4Q7kNvwF_uZId&_nc_oc=AdrUZNQXTSXRm84P6Gjo1BMmrdGM_1uSmwLDEES2C-hTH95c4hoIfSOcS7OOZdzJy3Q&_nc_zt=14&_nc_ht=scontent.fbau3-1.fna&_nc_gid=KnSswtOUuwduRx82AqFXzA&_nc_ss=7a389&oh=00_Af394O1Q2Z_BaxVeYn8FmefuonvHiKhXNFHxnWTCEWyf8g&oe=69E87EF4,https://www.facebook.com/ads/library/?id=1526623868977105
TIER_1_ACTIVE,4,True,Coursiv,video,Kick-start your AI journey with Coursiv 🚀,Start Now,LEARN_MORE,,https://coursiv.io/dynamic,2026-04-12 07:00:00,2026-04-16 07:00:00,"[""FACEBOOK"", ""INSTAGRAM"", ""AUDIENCE_NETWORK"", ""MESSENGER"", ""THREADS""]",1,529897.0,https://scontent.fbau3-1.fna.fbcdn.net/v/t39.35426-6/669317287_3987090458250587_3227605916542849517_n.jpg?_nc_cat=103&ccb=1-7&_nc_sid=c53f8f&_nc_ohc=kOh196GDTuIQ7kNvwERic25&_nc_oc=Adqb0-TPiepSJ3Ul3BgG9m_YcCri_Q5hEBgwmDLLzeiAjy1h_UszArhe48F_PzzbF9c&_nc_zt=14&_nc_ht=scontent.fbau3-1.fna&_nc_gid=8Qo5wjmAa-7dhJF2-rcPew&_nc_ss=7a389&oh=00_Af20mHGH4Jkce41BfWCS4cGE5djFLWWY0953cJhSTdnsAA&oe=69E86C28,https://www.facebook.com/ads/library/?id=917301904461712
TIER_1_ACTIVE,4,True,Coursiv,image,Kick-start your AI journey with Coursiv 🚀,Start Now,LEARN_MORE,Master AI with beginner-friendly courses. Learn ChatGPT and other AI tools for work and practical automation. No tech background needed. Join 800K+ learners.,https://coursiv.io/dynamic,2026-04-12 07:00:00,2026-04-16 07:00:00,"[""FACEBOOK"", ""INSTAGRAM"", ""AUDIENCE_NETWORK"", ""MESSENGER"", ""THREADS""]",1,529899.0,https://scontent.fbau3-1.fna.fbcdn.net/v/t39.35426-6/670741868_985589591313860_1271099860118071431_n.jpg?_nc_cat=103&ccb=1-7&_nc_sid=c53f8f&_nc_ohc=NmVrJnnbDW4Q7kNvwHX1HzK&_nc_oc=AdqDqkiAtwHO8Io3URbq_MCEOyr1sLh-jMyMm5Xt_-kOoLSyc4nQG50gVM3_b_l2ku0&_nc_zt=14&_nc_ht=scontent.fbau3-1.fna&_nc_gid=8nExH0fu22Lq-f1odiNOtQ&_nc_ss=7a389&oh=00_Af3U5Udw3KeoBVzBUinv7jtbLYGiCNrCyKcYc6_HwWBm1A&oe=69E86257,https://www.facebook.com/ads/library/?id=1256184870000714
TIER_1_ACTIVE,4,True,Coursiv,image,Kick-start your AI journey with Coursiv 🚀,Start Now,LEARN_MORE,Master AI with beginner-friendly courses. Learn ChatGPT and other AI tools for work and practical automation. No tech background needed. Join 800K+ learners.,https://coursiv.io/dynamic,2026-04-12 07:00:00,2026-04-16 07:00:00,"[""FACEBOOK"", ""INSTAGRAM"", ""AUDIENCE_NETWORK"", ""MESSENGER"", ""THREADS""]",1,282608.0,https://scontent.fbau3-1.fna.fbcdn.net/v/t39.35426-6/668776311_826833439848947_5696976782732000788_n.jpg?_nc_cat=111&ccb=1-7&_nc_sid=c53f8f&_nc_ohc=ruFGS5y6WRIQ7kNvwG_YgPc&_nc_oc=AdqOIbN6k80PBJFKpmD7UHh8LBnQWi7WThXv6f5XduO-Er8nTiP5hqjeAQ6hU-hhR3M&_nc_zt=14&_nc_ht=scontent.fbau3-1.fna&_nc_gid=8nExH0fu22Lq-f1odiNOtQ&_nc_ss=7a389&oh=00_Af28NShUd45vUasXCdoVXLa5E9M6noYVvqgbhkqb-XP0VQ&oe=69E88710,https://www.facebook.com/ads/library/?id=1570384627383194
TIER_1_ACTIVE,4,True,Coursiv,video,Kick-start your AI journey with Coursiv 🚀,Start Now,LEARN_MORE,,https://coursiv.io/dynamic,2026-04-12 07:00:00,2026-04-16 07:00:00,"[""FACEBOOK"", ""INSTAGRAM"", ""AUDIENCE_NETWORK"", ""MESSENGER"", ""THREADS""]",1,529900.0,https://scontent.fbau3-2.fna.fbcdn.net/v/t39.35426-6/670152507_1695213731846403_3742129726544711437_n.jpg?_nc_cat=109&ccb=1-7&_nc_sid=c53f8f&_nc_ohc=WoAiA_5ItA8Q7kNvwGr3UEu&_nc_oc=AdrMiMEGUGAB4jcMTvvr5Ph9bCEjU4FHTNuw-DFtUwk60WMmP_W8WyKCJa0X3fOAEBw&_nc_zt=14&_nc_ht=scontent.fbau3-2.fna&_nc_gid=JPwxjicWgpiCd6c777C6hw&_nc_ss=7a389&oh=00_Af1rS0CtT9vf8wTyNeeKVgiTN2oNSrbHhzKYsfSWiLB1ww&oe=69E87D61,https://www.facebook.com/ads/library/?id=2067955684061591
TIER_1_ACTIVE,3,True,Coursiv,video,¡Inicie su viaje hacia la IA con Coursiv 🚀,¡Empezar ahora!,LEARN_MORE,,https://coursiv.io/es/dynamic,2026-04-13 07:00:00,2026-04-16 07:00:00,"[""FACEBOOK"", ""INSTAGRAM"", ""AUDIENCE_NETWORK"", ""MESSENGER"", ""THREADS""]",1,529910.0,https://scontent.feoh14-1.fna.fbcdn.net/v/t39.35426-6/669639453_2112991559465951_565501020018333084_n.jpg?_nc_cat=103&ccb=1-7&_nc_sid=c53f8f&_nc_ohc=KCZ8Vaf91nwQ7kNvwG31D6w&_nc_oc=Adpk17f6qPb0nF_UpPs7arqRw4C2Sac5mwg_wCyXJN4BF-ZM6Mv2F_Qw_bzU9I0LfIE&_nc_zt=14&_nc_ht=scontent.feoh14-1.fna&_nc_gid=LvwpMXZBiJV8lrdGYzBM6Q&_nc_ss=7a389&oh=00_Af0mqspoyLoGLsuLABfgfGXsUjaFdALVnJmgsFHwz3P2iA&oe=69E86F25,https://www.facebook.com/ads/library/?id=958772060182748
TIER_1_ACTIVE,2,True,Coursiv,video,Kick-start your AI journey with Coursiv 🚀,Start Now,LEARN_MORE,,https://coursiv.io/dynamic,2026-04-14 07:00:00,2026-04-16 07:00:00,"[""FACEBOOK"", ""INSTAGRAM"", ""AUDIENCE_NETWORK"", ""MESSENGER"", ""THREADS""]",1,529912.0,https://scontent.feoh8-1.fna.fbcdn.net/v/t39.35426-6/669600235_950603530786216_5707335179710276065_n.jpg?_nc_cat=102&ccb=1-7&_nc_sid=c53f8f&_nc_ohc=vPc_vQRE5MIQ7kNvwG_GK4R&_nc_oc=AdpFTrl4M2t7q7Ch_UcOaKxqqhRsIIvX4c-UPOJF_8SPvLsnncgw12Nz3V8awEtcCnw&_nc_zt=14&_nc_ht=scontent.feoh8-1.fna&_nc_gid=fsreTwKPw9qqQRV-DLCiEA&_nc_ss=7a389&oh=00_Af3j774ecKQZhW_W8M0kmsrvwIbhu2L-l-OuZtUyBV6vpA&oe=69E883B1,https://www.facebook.com/ads/library/?id=1870252473638341
TIER_1_ACTIVE,2,True,Coursiv,image,Kick-start your AI journey with Coursiv 🚀,Start Now,LEARN_MORE,Master AI with beginner-friendly courses. Learn ChatGPT and other AI tools for work and practical automation. No tech background needed. Join 800K+ learners.,https://coursiv.io/dynamic,2026-04-14 07:00:00,2026-04-16 07:00:00,"[""FACEBOOK"", ""INSTAGRAM"", ""AUDIENCE_NETWORK"", ""MESSENGER"", ""THREADS""]",1,529897.0,https://scontent.fbau3-2.fna.fbcdn.net/v/t39.35426-6/670470354_2431570173945996_491630849339223450_n.jpg?_nc_cat=108&ccb=1-7&_nc_sid=c53f8f&_nc_ohc=suQOwl1ZBDEQ7kNvwFPd_jT&_nc_oc=AdralmTaCpqX9GLRmFqlCwdgZSwphh9chrD-6Y4CwIcw74F6pgJMm1C4ms49mUSskzg&_nc_zt=14&_nc_ht=scontent.fbau3-2.fna&_nc_gid=Y_hsPS3rkQ1gOtMxqCoqNQ&_nc_ss=7a389&oh=00_Af3DmCXPf3VwAZWzSYA1v39UAnM8xMP7kbD3NQ1i8OcAww&oe=69E864E4,https://www.facebook.com/ads/library/?id=1279136957088385
TIER_1_ACTIVE,2,True,Coursiv,video,Kick-start your AI journey with Coursiv 🚀,Start Now,LEARN_MORE,,https://coursiv.io/dynamic,2026-04-14 07:00:00,2026-04-16 07:00:00,"[""FACEBOOK"", ""INSTAGRAM"", ""AUDIENCE_NETWORK"", ""MESSENGER"", ""THREADS""]",1,529893.0,https://scontent.fbau3-2.fna.fbcdn.net/v/t39.35426-6/672674083_4288063798127673_498343950852817638_n.jpg?_nc_cat=110&ccb=1-7&_nc_sid=c53f8f&_nc_ohc=csQtHmvY3tEQ7kNvwFOQfoZ&_nc_oc=AdphMPn2G92h-BdOywXfvm-GIWFBJhBIfQ9UMQJ2mFzy53n8e-V-3hV9YB2Y4hgnjAc&_nc_zt=14&_nc_ht=scontent.fbau3-2.fna&_nc_gid=yc98JNTcKzGbbecDd5lDkg&_nc_ss=7a389&oh=00_Af2m4HAZ-qBx04jdh3fqnrl6Gkgjn8n9lVOtIaukDPulSA&oe=69E86296,https://www.facebook.com/ads/library/?id=1378879027589639
TIER_1_ACTIVE,2,True,Coursiv,image,¡Inicie su viaje hacia la IA con Coursiv 🚀,¡Empezar ahora!,LEARN_MORE,Master AI with beginner-friendly courses. Learn ChatGPT and other AI tools for work and practical automation. No tech background needed. Join 800K+ learners.,https://coursiv.io/es/dynamic,2026-04-14 07:00:00,2026-04-16 07:00:00,"[""FACEBOOK"", ""INSTAGRAM"", ""AUDIENCE_NETWORK"", ""MESSENGER"", ""THREADS""]",1,529893.0,https://scontent.fbau3-2.fna.fbcdn.net/v/t39.35426-6/671753940_4575933892625600_3201818676971629479_n.jpg?_nc_cat=110&ccb=1-7&_nc_sid=c53f8f&_nc_ohc=O749-Udzg-8Q7kNvwFoj07v&_nc_oc=Adoc7kRitpktjobfvBp2PIpu1vTk4WOyGOVyOHdMPeXllAY2Fmf-ObiiBzZCBWjy14I&_nc_zt=14&_nc_ht=scontent.fbau3-2.fna&_nc_gid=LfuLdZ4uzAJtt44fGgR5rQ&_nc_ss=7a389&oh=00_Af1fOx95qD1dYKiJo5hKBu8mI4IEniWplUj6w4v5diOMyg&oe=69E88986,https://www.facebook.com/ads/library/?id=2431235947344382
TIER_1_ACTIVE,2,True,Coursiv,image,Kick-start your AI journey with Coursiv 🚀,Start Now,LEARN_MORE,Master AI with beginner-friendly courses. Learn ChatGPT and other AI tools for work and practical automation. No tech background needed. Join 800K+ learners.,https://coursiv.io/dynamic,2026-04-14 07:00:00,2026-04-16 07:00:00,"[""FACEBOOK"", ""INSTAGRAM"", ""AUDIENCE_NETWORK"", ""MESSENGER"", ""THREADS""]",1,529912.0,https://scontent.feoh14-1.fna.fbcdn.net/v/t39.35426-6/669859157_934186486079812_8479367659018531161_n.jpg?_nc_cat=100&ccb=1-7&_nc_sid=c53f8f&_nc_ohc=HjmCZhii2BsQ7kNvwG2DO6v&_nc_oc=AdqiSVhJlGYUYMSJWU28mnG9JysBgy3iMPgY2u2s5hjdapccscHTTCNOWkDqLk485t0&_nc_zt=14&_nc_ht=scontent.feoh14-1.fna&_nc_gid=Q2viH5-eQJmiqKJjZ3b5pg&_nc_ss=7a389&oh=00_Af3SLI9StAe4m5GcZMWRaWEfJZA-FQQcs3IFfwJUIyMScA&oe=69E86306,https://www.facebook.com/ads/library/?id=938524775829358
TIER_1_ACTIVE,2,True,Coursiv,video,Kick-start your AI journey with Coursiv 🚀,Start Now,LEARN_MORE,,https://coursiv.io/dynamic,2026-04-14 07:00:00,2026-04-16 07:00:00,"[""FACEBOOK"", ""INSTAGRAM"", ""AUDIENCE_NETWORK"", ""MESSENGER"", ""THREADS""]",1,529909.0,https://scontent.feoh14-1.fna.fbcdn.net/v/t39.35426-6/670337578_3473661489457917_6207946015792698744_n.jpg?_nc_cat=107&ccb=1-7&_nc_sid=c53f8f&_nc_ohc=JKCdRVBRYR8Q7kNvwElwsRC&_nc_oc=AdpU0fIvGqr49OrCesIhZ_aYMw5PFEsM4WF9qGJy1uwuY1TgdaiZHnm3ellQODBBdls&_nc_zt=14&_nc_ht=scontent.feoh14-1.fna&_nc_gid=-A0ONCjZfCIE78mgPvprdg&_nc_ss=7a389&oh=00_Af07jlP2xU-dDmH-ldYgBLsQW3aJ9-DEdzK2q7MHKTJDYQ&oe=69E893CC,https://www.facebook.com/ads/library/?id=3171129326426132
TIER_1_ACTIVE,2,True,Coursiv,video,Kick-start your AI journey with Coursiv 🚀,Start Now,LEARN_MORE,,https://coursiv.io/dynamic,2026-04-14 07:00:00,2026-04-16 07:00:00,"[""FACEBOOK"", ""INSTAGRAM"", ""AUDIENCE_NETWORK"", ""MESSENGER"", ""THREADS""]",1,529910.0,https://scontent.feoh8-1.fna.fbcdn.net/v/t39.35426-6/671836604_1657327725167001_4862796420418822322_n.jpg?_nc_cat=110&ccb=1-7&_nc_sid=c53f8f&_nc_ohc=gFZLOnxbahAQ7kNvwFU0hGL&_nc_oc=AdqQhfE3i5Y3d80AXU4Jan9PWgA-oS2RPhCAP63z-9hk1ca1PuRZgoUxaWSg5EwOB-U&_nc_zt=14&_nc_ht=scontent.feoh8-1.fna&_nc_gid=fh99TxNghRO2L0YpW_ioEg&_nc_ss=7a389&oh=00_Af0WawnQvQXieBCFtQZflCWcdAHiohfld5R3z-LwTigrQA&oe=69E87BCC,https://www.facebook.com/ads/library/?id=35438981435746436
TIER_1_ACTIVE,2,True,Coursiv,video,Kick-start your AI journey with Coursiv 🚀,Start Now,LEARN_MORE,,https://coursiv.io/dynamic,2026-04-14 07:00:00,2026-04-16 07:00:00,"[""FACEBOOK"", ""INSTAGRAM"", ""AUDIENCE_NETWORK"", ""MESSENGER"", ""THREADS""]",1,529912.0,https://scontent.feoh8-1.fna.fbcdn.net/v/t39.35426-6/671985756_2799029290439613_6546771205253600525_n.jpg?_nc_cat=110&ccb=1-7&_nc_sid=c53f8f&_nc_ohc=IENoxsLTVIgQ7kNvwHRqPWh&_nc_oc=Adoz_7m4eZ5LociCBEXQMBl5MrwsiaLsG_eX2VYpy8gaiaNILvKe2PLnHeH_bhvoDn4&_nc_zt=14&_nc_ht=scontent.feoh8-1.fna&_nc_gid=8uSD_GBltpfObZ1j_5cYdg&_nc_ss=7a389&oh=00_Af0deloCRLvAlEFMuQR3ial4XN6bqdEinHLZC4cQo0qsRA&oe=69E8679C,https://www.facebook.com/ads/library/?id=2429566677490698
TIER_1_ACTIVE,1,True,Coursiv,image,Kick-start your AI journey with Coursiv 🚀,Start Now,LEARN_MORE,Master AI with beginner-friendly courses. Learn ChatGPT and other AI tools for work and practical automation. No tech background needed. Join 800K+ learners.,https://coursiv.io/dynamic,2026-04-15 07:00:00,2026-04-16 07:00:00,"[""FACEBOOK"", ""INSTAGRAM"", ""AUDIENCE_NETWORK"", ""MESSENGER"", ""THREADS""]",1,529897.0,https://scontent.fbau3-2.fna.fbcdn.net/v/t39.35426-6/672683894_1442300413813897_3549140720625910368_n.jpg?_nc_cat=109&ccb=1-7&_nc_sid=c53f8f&_nc_ohc=kc-jmVzc5nEQ7kNvwGDMjw5&_nc_oc=Adrp3O7RccLCWrC6dkfkIWRvhjBbX0-uaq1l_zdu1_9LgNbtwA1P-6v5rysPY6rLb-w&_nc_zt=14&_nc_ht=scontent.fbau3-2.fna&_nc_gid=8Qo5wjmAa-7dhJF2-rcPew&_nc_ss=7a389&oh=00_Af2CPwTW82sEG88mO3xIf1pzzWlqHg5MAfR2a1OKi8ODhA&oe=69E89041,https://www.facebook.com/ads/library/?id=840824968330856
TIER_1_ACTIVE,1,True,Coursiv,image,Kick-start your AI journey with Coursiv 🚀,Start Now,LEARN_MORE,Master AI with beginner-friendly courses. Learn ChatGPT and other AI tools for work and practical automation. No tech background needed. Join 800K+ learners.,https://coursiv.io/dynamic,2026-04-15 07:00:00,2026-04-16 07:00:00,"[""FACEBOOK"", ""INSTAGRAM"", ""AUDIENCE_NETWORK"", ""MESSENGER"", ""THREADS""]",1,529908.0,https://scontent.feoh14-1.fna.fbcdn.net/v/t39.35426-6/672686035_982876750934995_1106635361680733136_n.jpg?_nc_cat=106&ccb=1-7&_nc_sid=c53f8f&_nc_ohc=VD6AN17P8uwQ7kNvwESIJJW&_nc_oc=AdqYxSzl1TCW2z1nlwbkEeb1eDWqApsEuLr5LnAbCWEJP-2oFsA4_2J8dwXloZLseuE&_nc_zt=14&_nc_ht=scontent.feoh14-1.fna&_nc_gid=kPic-VJVEezfWz1fHsnJVw&_nc_ss=7a389&oh=00_Af2CIG2tPBhTSrrsFoaVg1J0vVtfX1X1PgfZaAY0qoniNA&oe=69E86E87,https://www.facebook.com/ads/library/?id=1664378554691493
TIER_1_ACTIVE,1,True,Coursiv,image,Kick-start your AI journey with Coursiv 🚀,Start Now,LEARN_MORE,Master AI with beginner-friendly courses. Learn ChatGPT and other AI tools for work and practical automation. No tech background needed. Join 800K+ learners.,https://coursiv.io/dynamic,2026-04-15 07:00:00,2026-04-16 07:00:00,"[""FACEBOOK"", ""INSTAGRAM"", ""AUDIENCE_NETWORK"", ""MESSENGER"", ""THREADS""]",1,529912.0,https://scontent.feoh14-1.fna.fbcdn.net/v/t39.35426-6/672670492_1457293522523819_6143437010716316381_n.jpg?_nc_cat=100&ccb=1-7&_nc_sid=c53f8f&_nc_ohc=jPmsuGC6qH4Q7kNvwHTMHKm&_nc_oc=AdpvjLI8nghYOHjXQUq9BXtr1vCsyC1_CIxmw6uZ7txzyVA8-ElxaoT85BUA7okc4T8&_nc_zt=14&_nc_ht=scontent.feoh14-1.fna&_nc_gid=9NtiToLkNwUKAMxSW6aLfA&_nc_ss=7a389&oh=00_Af0TWCb1kwiHvHWo9hPQ3Qjar69NejThlaKfXB1H0KNLQQ&oe=69E8725A,https://www.facebook.com/ads/library/?id=918094564392282
TIER_1_ACTIVE,1,True,Coursiv,video,Kick-start your AI journey with Coursiv 🚀,Start Now,LEARN_MORE,,https://coursiv.io/dynamic,2026-04-15 07:00:00,2026-04-16 07:00:00,"[""FACEBOOK"", ""INSTAGRAM"", ""AUDIENCE_NETWORK"", ""MESSENGER"", ""THREADS""]",1,529913.0,https://scontent.feoh14-1.fna.fbcdn.net/v/t39.35426-6/672436099_1504698537991171_8882490266268630653_n.jpg?_nc_cat=104&ccb=1-7&_nc_sid=c53f8f&_nc_ohc=AkRCiKx_MAAQ7kNvwFpHfW2&_nc_oc=AdosXNdlsirXDpG4QtLq5Cz3c3P2dFUv8gUDFcGEqNEKmkQQbrlmu5wblAqZKBQjgCg&_nc_zt=14&_nc_ht=scontent.feoh14-1.fna&_nc_gid=OMyF9C_br5hqMSY-vaRdpQ&_nc_ss=7a389&oh=00_Af11PN26qVZ0Q8aMSQiH4yzkd2hZ8eFgeeeL6eMbrWRvgg&oe=69E86393,https://www.facebook.com/ads/library/?id=1511987653979524
