platform,video_id,channel,channel_id,title,date,views,likes,comments,duration,url,search_query,tags,description_snippet,channel_subscribers
YouTube,Tkz5hU0NDLk,Elise Pham,UCQgwF5Od06EKCvhEh1tmQDw,"I lost everything at 9. A decade later, I’m at Harvard running a 7-figure business…here’s my journey",2025-07-31,36821793,988117,7161,PT41S,https://youtube.com/watch?v=Tkz5hU0NDLk,got into Harvard how,,,714000
YouTube,HYRbxb_6OrE,blogilates,UCIJwWYOfsCfz6PjxbONYXSg,Didn’t get accepted into Harvard but…😭😭😭,2024-12-28,32128704,0,12550,PT20S,https://youtube.com/watch?v=HYRbxb_6OrE,how to get into college,,Shop Blogilates at Target: https://bit.ly/3Ku6jZ0,11000000
YouTube,bTh2FlhZviE,im_siowei,UCSgue5Dm418CCUCZ-aeUtEA,When You Enter Harvard,2023-11-14,30944634,994091,1715,PT40S,https://youtube.com/watch?v=bTh2FlhZviE,got into Harvard how,,What would happen if you were surrounded by TOP Students? #YAEY #school,18400000
YouTube,tsMFas_cG_c,Gohar Khan,UCPk2s5c4R_d-EUUNvFFODoA,How to Nail the “Why Us?” College Essay,2023-07-07,16680313,764980,9692,PT28S,https://youtube.com/watch?v=tsMFas_cG_c,college essay tips,,"📝 I'll edit your college essay: https://nextadmit.com/services/essay/
🎓 Get into your dream school: https://nextadmit.com/roadmap/
💬 Join my Discord server: https://discord.gg/gohar",7510000
YouTube,ZcnQ4wfL5Ew,Gen-Z,UCkV6trE1ceQnIDt3KyCPpgQ,The Power of Harvard University 👩‍🎓,2024-05-15,14785070,465536,4618,PT52S,https://youtube.com/watch?v=ZcnQ4wfL5Ew,got into Harvard how,Harvard University|English speech|most viral English speech|best speeches of Harvard University|usa,"#usa #harvarduniversity #englishspeech



Watch full video here 
https://youtu.be/AiGdwqdpPKE?si=sK1FqQciE8oytk_s


https://youtu.be/AiGdwqdpPKE?si=IuDf3NdnvjPx-QVi
 


Her insta Id 
https://www.insta",42100
YouTube,Ln8FPbdhamc,Elise Pham,UCQgwF5Od06EKCvhEh1tmQDw,The REAL reason why I’m doing Pre-med at Harvard…,2025-05-28,11616310,268156,1174,PT8S,https://youtube.com/watch?v=Ln8FPbdhamc,got into Harvard how,,"I’m a Harvard pre-med student now

but the reason why started way before college apps ever opened…

my mom’s cancer battle changed everything for me

and when it came time to write my personal stateme",714000
YouTube,JnPOzUH07GI,Gohar Khan,UCPk2s5c4R_d-EUUNvFFODoA,My Brother Got Into Harvard,2025-04-19,9966686,265435,1578,PT36S,https://youtube.com/watch?v=JnPOzUH07GI,got into Harvard how,,,7510000
YouTube,tCweT1mrG-A,Gohar Khan,UCPk2s5c4R_d-EUUNvFFODoA,Going to a Harvard Graduation,2023-05-30,9853408,633061,1804,PT29S,https://youtube.com/watch?v=tCweT1mrG-A,how to get into college,,"💬 Join my Discord server: https://discord.gg/gohar
🎓 Get into your dream school: https://nextadmit.com/roadmap/
📝 I'll edit your college essay: https://nextadmit.com/services/essay/",7510000
YouTube,CXWWKJ46KFc,Washington Post Universe,UCYBARVyitZWkFKovnC2jf2g,Harvard SUES Trump admin for blocking international student admissions,2025-05-23,9361929,299567,3910,PT35S,https://youtube.com/watch?v=CXWWKJ46KFc,international student US college,,"A federal judge in Massachusetts on Friday blocked the Trump administration's effort to ban international students from Harvard University, an unprecedented tactic by the federal government as it trie",687000
YouTube,HSaFXiCR9hw,Elise Pham,UCQgwF5Od06EKCvhEh1tmQDw,FIRST-GEN HARVARD DECISION FAMILY REACTION,2023-12-22,9059545,502193,1805,PT13S,https://youtube.com/watch?v=HSaFXiCR9hw,how to get into college,,"Hello! My name is Elise, I am a Pre-Med student at Harvard University, 5-Star College Admissions Counselor, and full-time entrepreneur and content creator! 🤓📚

Subscribe to get undercover footage of m",714000
YouTube,ISwnaclIkyA,Mahad Khan,UCQWnytHKeJEHXh85rC6tW2A,The HARDEST College to Get Into (.5% Acceptance Rate),2023-12-22,7499282,431778,4662,PT59S,https://youtube.com/watch?v=ISwnaclIkyA,how to get into college,College|College admissons|student|high school|AP classes,I'll edit your college essay! 📝 https://nextadmit.com,365000
YouTube,brO6egnvsjI,Tom's Study Tips,UCQhjfWLehfL9L9ZUCrHgPow,If Harvard was honest #harvard #ivyleague #college #collegeadmissions,2023-11-26,7191784,325331,1760,PT30S,https://youtube.com/watch?v=brO6egnvsjI,got into Harvard how,,,24100
YouTube,U9jL5IhOkP0,Holtage Studios,UCxk4OTmTmSVo5AanTHDr_Bg,Opening my college applications… (EMOTIONAL),2023-04-11,7107545,297450,2315,PT59S,https://youtube.com/watch?v=U9jL5IhOkP0,how to get into college,,"Subscribe for a pizza :)

follow me on other platforms!

Instagram ☞ https://www.instagram.com/owenholt
Tiktok ☞  https://www.tiktok.com/@owen.holt
Snapchat ☞  https://www.snapchat.com/add/owenholt10
",10500000
YouTube,ypLPucQ9dYs,Gohar Khan,UCPk2s5c4R_d-EUUNvFFODoA,How Harvard Chooses Students,2024-04-01,6770018,347440,1028,PT32S,https://youtube.com/watch?v=ypLPucQ9dYs,how to get into college,,"💬 Join my Discord server: https://discord.gg/gohar
📝 I'll edit your college essay: https://nextadmit.com/services/essay/
🎓 Get into your dream school: https://nextadmit.com/roadmap/",7510000
YouTube,fZn4flUclyc,Elise Pham,UCQgwF5Od06EKCvhEh1tmQDw,moving into Harvard (sophomore spring),2024-01-21,6208833,306695,483,PT42S,https://youtube.com/watch?v=fZn4flUclyc,got into Harvard how,,"Hello! My name is Elise, I am a Pre-Med student at Harvard University, 5-Star College Admissions Counselor, and full-time entrepreneur and content creator! 🤓📚

Subscribe to get undercover footage of m",714000
YouTube,PZrNLDYBJF4,American High,UCrMabu7HclTiDf5ZAgjHxqQ,that’s a lot of additional essays #americanhighshorts #senioryear #collegeapplications #commonapp,2024-10-08,6036310,510053,947,PT1M1S,https://youtube.com/watch?v=PZrNLDYBJF4,common app essay accepted,,,4160000
YouTube,EWKHCtpkIpM,Ashton Herndon,UCWNMLFfMYNk7E-8JOCdKpEg,Harvard’s RICHEST Students #harvard #college #harvarduniversity #university,2025-04-25,5952813,178855,1169,PT1M2S,https://youtube.com/watch?v=EWKHCtpkIpM,international student US college,,,108000
YouTube,7T2QQY6CjNE,The Mannii Show,UC3iwxKMRg5l2aDG_8XK2nSQ,First Day at Harvard University #TheManniiShow.com/series,2023-06-03,5795524,389252,1841,PT29S,https://youtube.com/watch?v=7T2QQY6CjNE,got into Harvard how,comedy|TheManniiShow|influencer|tiktok|youtube,"🤳🏼 INFLUENCER LIFE behind-the scenes!!  @TheManniiShow    Weekly Series!  Follow MJ for a behind-the-lens look into the life of an influencer.  ONLY ON YOUTUBE!  https://TheManniiShow.com/series 
 @Th",15800000
YouTube,McfRarvpsxE,Gohar Khan,UCPk2s5c4R_d-EUUNvFFODoA,Applying to Harvard? Think Twice,2023-04-02,5780010,347727,2100,PT28S,https://youtube.com/watch?v=McfRarvpsxE,got into Harvard how,,"🎓 Get into your dream school: https://nextadmit.com/roadmap/
📝 I'll edit your college essay: https://nextadmit.com/services/essay/
💬 Join my Discord server: https://discord.gg/gohar",7510000
YouTube,NmEP38x-1Z8,Federal Student Aid,UCEnu3BHoR9IYgBnCkqQdgmA,What Is FAFSA®?,2023-10-06,5733076,2156,93,PT1M58S,https://youtube.com/watch?v=NmEP38x-1Z8,college financial aid explained,Department of Education|FAFSA|FASFA|free|fafsa.gov,"The FAFSA® form, or Free Application for Federal Student Aid, is a form used to apply for financial aid. Completing the FAFSA form is the only way to access the largest source of financial aid—federal",0
YouTube,a2w5VpflZpk,Karat,UCGDMcgLb89_NSbRFTQi1VgA,I Got Accepted Into Harvard and Hated It,2023-04-27,5637391,232843,3368,PT41S,https://youtube.com/watch?v=a2w5VpflZpk,how to get into college,,,95800
YouTube,zs_QUYacWe0,Morgane Herculano,UCP5Lf8EgUSDh12wu9to1mYA,jumping around got me to Harvard? How!? 🫣#studentathlete #harvard #ivy #ncaa,2024-09-08,5444851,147447,1462,PT8S,https://youtube.com/watch?v=zs_QUYacWe0,got into Harvard how,,,0
YouTube,CVxP7OdsdOE,Limmytalks,UCNJS6U4h4oo-0q6OsMpu4Ag,What Harvard *Actually* Wants.,2023-08-16,5158988,176892,5741,PT40S,https://youtube.com/watch?v=CVxP7OdsdOE,got into Harvard how,College|college admission|college admission tips|applying to usa|university,"If you're a high school student and want to better understand how strong your application is, what your chances are to 40+ universities, and how to improve your application, go to dreamschool.ai and s",78600
YouTube,nH9qRcOMW9M,Quizard AI,UCsG0dK0d71SO_RHGB-gXXCg,Asking Harvard students about their major and expected salary 💰 #students #harvard #streetinterview,2023-10-06,5156509,143070,3004,PT51S,https://youtube.com/watch?v=nH9qRcOMW9M,got into Harvard how,,,82900
YouTube,xx1AJhN6OKE,Amazon MGM Studios,UCf5CjDJvsFvtVIhkfmKAwAA,"&quot;Girls, I&#39;m going to Harvard!&quot; - Legally Blonde (2001)",2023-08-28,5122730,386615,636,PT58S,https://youtube.com/watch?v=xx1AJhN6OKE,got into Harvard how,MGM|MGM Studios|Metro-Goldwyn- Mayer|Metro Pictures Corporations|Goldwyn Pictures,"Elle Woods, a fashionable sorority queen, is dumped by her boyfriend. She decides to follow him to law school. While she is there, she figures out that there is more to her than just looks.

Subscribe",0
YouTube,dLhbt6uDDKc,Limmytalks,UCNJS6U4h4oo-0q6OsMpu4Ag,PERFECT SAT VALEDICTORIAN (+HARVARD LEGACY) COLLEGE RESULTS GUESSES,2023-02-02,5096747,172564,3168,PT48S,https://youtube.com/watch?v=dLhbt6uDDKc,got into Harvard how,College|college admission|college admission tips|applying to usa|university,Results revealed soon...,78600
YouTube,IPy7pchhoNE,Maureen's Mindset,UC3w7pobP10wtP6fgjCOuiKg,I applied to Harvard as a joke #rejectiontherapy,2024-01-14,4961118,329080,7611,PT59S,https://youtube.com/watch?v=IPy7pchhoNE,got into Harvard how,,Get your free content planning spreadsheet here: https://stan.store/maureensmarketing,0
YouTube,5NgNicANyqM,freeCodeCamp.org,UC8butISFwT-Wl7EV0hUK0BQ,Harvard CS50’s Artificial Intelligence with Python – Full University Course,2023-08-10,4572933,124754,1797,PT11H51M22S,https://youtube.com/watch?v=5NgNicANyqM,got into Harvard how,,"This course from Harvard University explores the concepts and algorithms at the foundation of modern artificial intelligence, diving into the ideas that give rise to technologies like large language m",11600000
YouTube,emOmM99XYig,Ashton Herndon,UCWNMLFfMYNk7E-8JOCdKpEg,How Duke Students Got Into Duke! #college #collegeadmissions #duke,2024-09-23,4312533,145305,1519,PT1M,https://youtube.com/watch?v=emOmM99XYig,how to get into college,,,108000
YouTube,QKwIFVx_7PQ,Gohar Khan,UCPk2s5c4R_d-EUUNvFFODoA,Important College Application Advice,2023-07-10,4199720,263515,600,PT29S,https://youtube.com/watch?v=QKwIFVx_7PQ,college admissions process,,"🏆 My brag sheet template: https://nextadmit.com/gohar/
📝 I'll edit your college essay: https://nextadmit.com/services/essay/
💬 Join my Discord server for help: https://discord.gg/gohar",7510000
YouTube,Rmgq54m57RE,Mahad Khan,UCQWnytHKeJEHXh85rC6tW2A,Back With Harvard’s YOUNGEST Student EVER,2023-06-18,3724188,145128,698,PT1M,https://youtube.com/watch?v=Rmgq54m57RE,got into Harvard how,College|College admissions|student|high school|AP class,I'll edit your college essay! 📝 https://nextadmit.com,365000
YouTube,O_4ws18TTMc,Elise Pham,UCQgwF5Od06EKCvhEh1tmQDw,how she got into Stanford with a 3.0 GPA and NO extracurriculars,2024-03-10,3402075,228639,852,PT38S,https://youtube.com/watch?v=O_4ws18TTMc,how to get into college,,"DM me “ESSAY” on Instagram (@UltimateIvyLeagueGuide) and I’ll send you the exact essay outline that got my student got into Stanford with zero extracurriculars…

#studygram #studymotivation #studytips",714000
YouTube,-v5V5FxcPxA,Elise Pham,UCQgwF5Od06EKCvhEh1tmQDw,my *EXACT* study schedule to get an A+ on every Harvard exam,2024-03-02,3241888,235952,653,PT43S,https://youtube.com/watch?v=-v5V5FxcPxA,got into Harvard how,,"Hello! My name is Elise, I am a Pre-Med student at Harvard University, 5-Star College Admissions Counselor, and full-time entrepreneur and content creator! 🤓📚

Subscribe to get undercover footage of m",714000
YouTube,bA6sSxXhu7k,willius,UCduRRsZ3eLwhLFyByEOaA1Q,how willius got into harvard,2023-06-08,2974096,138088,1289,PT49S,https://youtube.com/watch?v=bA6sSxXhu7k,got into Harvard how,,"willius talks about his sad backstory and his parents bad treatment of him every day but eventually he got into harvard to prove them wrong

#valorant #valorantshorts #sad",217000
YouTube,fjE36aJKCNY,The Iced Coffee Hour,UCMSYZVlQmyG8_2MkIKzg0kw,Ben Shapiro Got Into UCLA at 16 and Harvard at 20 Years Old,2023-09-22,2949667,143221,1340,PT37S,https://youtube.com/watch?v=fjE36aJKCNY,got into Harvard how,graham stephan|graham stephan podcast|iced coffee podcast|iced coffee hour|investing podcast,"Full Vid: https://youtu.be/8nwzv3zrqws?si=vLKEDIL2gOgni0MC

NEW: Join us at http://www.icedcoffeehour.club for premium content - Enjoy! 

Add us on Instagram: 
https://www.instagram.com/jlsselby
https",1570000
YouTube,YyK4YiEpCPk,American High,UCrMabu7HclTiDf5ZAgjHxqQ,then maybe i’d get into harvard #americanhighshorts #lesson  #highschool #curriculum #useful,2023-09-04,2883999,261150,344,PT54S,https://youtube.com/watch?v=YyK4YiEpCPk,got into Harvard how,,,4160000
YouTube,Zjs9ZNgjdA4,millie liao,UCP1ethGXE7MD8B9MuVJ35ew,"move into college with me @ yale 🎧🌷 | dream dorm, ikea &amp; target trips, rooming w/ my best friend",2024-10-02,2852165,87589,957,PT24M51S,https://youtube.com/watch?v=Zjs9ZNgjdA4,how to get into college,,"sophomore year loading...

use my code MILLIE to get $25 in driving credit when signing up for Zipcar: https://www.zipcar.com/universities

socials~
insta: https://www.instagram.com/mildredsauce/
tikt",438000
YouTube,vYDM2efXJHE,Roya,UCjhebDbxJHNM0w2O1qkJA-g,college US vs France #usa #american #france #french #cultureshock #livingabroad #college #admissions,2024-04-11,2648417,209291,6839,PT1M,https://youtube.com/watch?v=vYDM2efXJHE,college application timeline,,,0
YouTube,IJ_e1fCZiHg,Zhafira Aqyla,UCQ4oBk0ujqeBGSwvevW_PeA,a day in the life of a harvard student,2023-03-03,2639110,153814,857,PT59S,https://youtube.com/watch?v=IJ_e1fCZiHg,got into Harvard how,,,422000
YouTube,shBzuA3O8OQ,Elise Pham,UCQgwF5Od06EKCvhEh1tmQDw,"If you got deferred, you *NEED* to follow this email strategy",2024-01-17,2586058,166087,345,PT56S,https://youtube.com/watch?v=shBzuA3O8OQ,rejected from college,,"Hello! My name is Elise, I am a Pre-Med student at Harvard University, 5-Star College Admissions Counselor, and full-time entrepreneur and content creator! 🤓📚

Subscribe to get undercover footage of m",714000
YouTube,JhVEkNzUG24,Mahad Khan,UCQWnytHKeJEHXh85rC6tW2A,The WORST College Essay Ever Written,2024-12-28,2542476,85096,554,PT38S,https://youtube.com/watch?v=JhVEkNzUG24,college essay tips,College|College admissons|student|high school|AP classes,Top 5 Essay Tips Guide: beacons.ai/mahadthementor,365000
YouTube,Zy09oKiIuMc,Limmytalks,UCNJS6U4h4oo-0q6OsMpu4Ag,this college application will BLOW your mind (ID: 11),2023-04-13,2471898,92559,905,PT56S,https://youtube.com/watch?v=Zy09oKiIuMc,college application timeline,College|college admission|college admission tips|applying to usa|university,"if you got your college acceptances, here's your chance to get featured!!: https://forms.gle/hGwSVt7etqWnFnNh8",78600
YouTube,jqqj-rfWETk,Ashton Herndon,UCWNMLFfMYNk7E-8JOCdKpEg,Asking Harvard Students How They Make Money,2023-10-15,2407405,57764,1207,PT11M14S,https://youtube.com/watch?v=jqqj-rfWETk,international student US college,Harvard admissions|Harvard|Harvard Interview|Harvard University|Ivy League,"Hey Guys! After asking a bunch of Harvard students with a ton of jobs and side hustles, these are the best jobs that I have found that pay very well and take almost no effort to do. If you follow thes",108000
YouTube,NwkvhFYfakE,The Chens,UCsGxLCkpyTG9sD7c-j6IIpw,Best Extracurriculars for College Apps,2025-07-29,2374726,55205,743,PT49S,https://youtube.com/watch?v=NwkvhFYfakE,extracurriculars for college,,,162000
YouTube,yx8PrF0HJhM,The Chens,UCsGxLCkpyTG9sD7c-j6IIpw,What Are the Best College Essay Topics?,2025-09-19,2347751,59353,686,PT36S,https://youtube.com/watch?v=yx8PrF0HJhM,college essay tips,,,162000
YouTube,7K0OyXOkW6I,Sarah Wu,UC1thnvmLI1wFI_ZENTZXwQA,Asking Harvard students what schools rejected them ☠️,2024-05-31,2346213,53680,481,PT34S,https://youtube.com/watch?v=7K0OyXOkW6I,rejected from college,,,111000
YouTube,nAaWug2tDcI,Limmytalks,UCNJS6U4h4oo-0q6OsMpu4Ag,VALEDICTORIAN ACCEPTED/REJECTED from harvard…??!! #collegeapps,2026-02-24,2301117,80579,673,PT1M24S,https://youtube.com/watch?v=nAaWug2tDcI,rejected from college,,,78600
YouTube,3ldPwDXGjJw,Ashton Herndon,UCWNMLFfMYNk7E-8JOCdKpEg,"How MIT students got into MIT | GPA, SAT/ACT, Clubs #college #collegeadmissions #mit #university",2024-09-10,2095572,58575,533,PT56S,https://youtube.com/watch?v=3ldPwDXGjJw,college admissions consultant,,,108000
YouTube,MxJuwm2ggLs,Boss Wallah (Telugu),UCzaRorDlS1gd6EROE-xGm-Q,The Worst Mistake You Should Avoid When Applying for a Job #shorts #trendingshorts #kowshikmaridi,2024-01-13,2066992,160777,267,PT1M,https://youtube.com/watch?v=MxJuwm2ggLs,college application mistakes,how to select in interview|how to shortlist your resume|how to get your resume shortlisted|how to get your resume shortlisted in telugu|how to create cv in telugu,"Download the ffreedom app from the Play Store or App Store to learn more about this video - https://ffreedom.com/yttelugu

Courses on Personal Finance
https://ffreedom.com/telugu/personal-finance-cour",5470000
YouTube,tH5TzdodL94,Elise Pham,UCQgwF5Od06EKCvhEh1tmQDw,“How do I write a standout hook for my college essay?” 🪝 (Ep. 4),2025-08-30,1952014,92409,280,PT1M25S,https://youtube.com/watch?v=tH5TzdodL94,college essay tips,,,714000
YouTube,mmktkfGsXMU,Mia Yilin,UCYVFeFY_4-755hqdPfB2qpw,Stanford Acceptance Reaction!! 🥹 #college #admission #university #collegeadmissions #stanford,2024-05-05,1939854,63504,344,PT24S,https://youtube.com/watch?v=mmktkfGsXMU,college admissions process,,,484000
YouTube,jOEFoe72owQ,Mia Yilin,UCYVFeFY_4-755hqdPfB2qpw,STANFORD ACCEPTANCE PACKAGES UNBOXING 🥳 #collegeadmissions #stanford #unboxing #university #college,2024-05-21,1887267,55484,170,PT41S,https://youtube.com/watch?v=jOEFoe72owQ,college admissions process,,,484000
YouTube,ZLGdK77T8HM,Elvins_lenses,UC80Vq9fCk4czx2FGUiZRmWQ,See you soon Harvard #harvard #acceptance  #ivyleague #college,2024-12-26,1832802,91782,1358,PT27S,https://youtube.com/watch?v=ZLGdK77T8HM,rejected from college,,,1700
YouTube,03klNGk13aI,Olivia Zhang,UCGAKG4PeR5Cht0vqnAVz6Cg,"COLLEGE DECISION REACTIONS 2023 (all 8 Ivies, Stanford, UCs, T20s, and more)",2023-06-10,1783860,39385,1484,PT28M55S,https://youtube.com/watch?v=03klNGk13aI,rejected from college,college decision reaction,Hey everyone! I'm so excited to share my college decision reactions with you all!! I applied to a total of 26 schools. It was an emotional journey filled with incredible highs and lows to say the leas,12000
YouTube,GVRG06797qM,American High,UCrMabu7HclTiDf5ZAgjHxqQ,the club already has 1400 members #americanhighshorts #resume #club  #collegeapplication,2024-02-09,1775908,238441,584,PT1M1S,https://youtube.com/watch?v=GVRG06797qM,college resume high school,,,4160000
YouTube,Pzyd1X8Txwo,Khan Squared,UCw6gnJDEWnYz12JLdNqL9ZQ,The Stats that Got Us Into HARVARD &amp; MIT,2024-02-21,1712394,53810,624,PT1M,https://youtube.com/watch?v=Pzyd1X8Txwo,extracurriculars for college,College|College admissons|student|high school|AP classes,We'll edit your college essay! 📝 https://nextadmit.com,45400
YouTube,wP-JJQ0H8cU,Mahad Khan,UCQWnytHKeJEHXh85rC6tW2A,APPLYING to 200+ Colleges?!,2023-09-09,1624533,75248,342,PT1M1S,https://youtube.com/watch?v=wP-JJQ0H8cU,college admissions process,College|College admissons|student|high school|AP classes,I'll edit your college essay! 📝 https://nextadmit.com,365000
YouTube,KFPmEUQ62mM,Niche: The College Search App,UCdp-NoQfCh8lbfrnY-adb_g,Asking MIT Students: Which Colleges Rejected You?,2024-10-03,1614373,24077,399,PT18S,https://youtube.com/watch?v=KFPmEUQ62mM,college admissions process,,"Only applying to MIT though!!

#MIT #MassachusettsInstituteOfTechnology #CollegeRejection #CollegeDecision #CollegeStudent 

💚 Follow Niche Social 💚
TikTok:   / nichesocial  
Instagram:   / nichesocia",12700
YouTube,rx5CK1eSnN8,Elise Pham,UCQgwF5Od06EKCvhEh1tmQDw,what extracurriculars should I do to stand out? (ep. 2 of mastering highschool),2025-07-11,1551948,50954,101,PT52S,https://youtube.com/watch?v=rx5CK1eSnN8,college application timeline,,,714000
YouTube,fTfkvTJTu9M,Elise Pham,UCQgwF5Od06EKCvhEh1tmQDw,Rating Popular Extracurriculars 1-10,2026-02-23,1533229,31280,439,PT45S,https://youtube.com/watch?v=fTfkvTJTu9M,extracurriculars for college,,"Rating the most common extracurriculars 🌟

This is based on years of direct conversations with admissions officers, thousands of real application files I’ve analyzed, and repeated patterns I’ve seen w",714000
YouTube,zjvQX9Tzovo,IvieAI,UC4zrBsyv5560RZgY2-YDDJw,First generation college student? Work while applying for college? There is still hope!,2025-06-25,1476755,4,0,PT1M18S,https://youtube.com/watch?v=zjvQX9Tzovo,first generation college,,"As a first generation college student myself, I live the pain of not having anyone giving me advise or support.😔 It was hard, especially when I saw others' family helping them. That's why we created i",1140
YouTube,Im5PViWlcQ8,BeBeautiful,UCgKscN1f8lljHfGpoDQiaWQ,Avoid This Mistake While Applying Sunscreen | How To Apply Sunscreen | Be Beautiful #Shorts,2023-06-01,1288368,10005,46,PT21S,https://youtube.com/watch?v=Im5PViWlcQ8,college application mistakes,be beautiful|be beautiful channel|be beautiful shorts|sunscreen mistakes|sunscreen mistakes to avoid,"As you all must be knowing that applying sunscreen is an important step in your skincare routine. But what if we told you that you might be doing it wrong? Yes, in this #Shorts video, we will be showi",3080000
YouTube,klE8TeXENuw,Limmytalks,UCNJS6U4h4oo-0q6OsMpu4Ag,imagine you do ALL that to get rejected EVERYWHERE 😵 [PT1] #applyingtocollege #ivyleague,2024-04-11,1205602,63372,840,PT56S,https://youtube.com/watch?v=klE8TeXENuw,rejected from college,College|college admission|college admission tips|applying to usa|university,,78600
YouTube,B5bWblRJ8sA,Boss Wallah (Tamil),UC2tHVZt2H06GJgMrrkuvdzw,Don&#39;t Make this Mistake while Applying for a Job #shorts #job,2024-03-15,1180145,74433,150,PT1M,https://youtube.com/watch?v=B5bWblRJ8sA,college application mistakes,mistakes you're making when applying for jobs online|don't make this mistake at work|what to do when an employee makes a mistake|avoid this major job application mistake|hiring best people for a job,"Download the ffreedom app from the Play Store or App Store to learn more about this - https://ffdm.app/u8fL

Personal Finance Courses
https://ffreedom.com/tamil/personal-finance-courses

DISCLAIMER
Th",3980000
YouTube,b6053PjQuTU,Ivy League Roadmap,UCgEBGhzAd2KrERqw0AM8ifw,"649 WORDS IS A 🚩IN COLLEGE ESSAYS!!! usually, if your college essay ends up at exactly 649 words,",2024-08-31,1176220,62803,374,PT1M,https://youtube.com/watch?v=b6053PjQuTU,common app essay accepted,,"649 WORDS IS A 🚩IN COLLEGE ESSAYS!!! usually, if your college essay ends up at exactly 649 words, it means that you were too light with your editing. There are probably ideas in your essay that could ",8880
YouTube,hqjfgT02gPo,Tom's Study Tips,UCQhjfWLehfL9L9ZUCrHgPow,If Cornell was honest #college #collegeadmissions #ivyleague #cornell,2023-11-27,1119524,38795,609,PT38S,https://youtube.com/watch?v=hqjfgT02gPo,college resume high school,,,24100
YouTube,i1on3WqDDDQ,Jahangeer Asif,UCZIsw8P4QC8DgkMjCEYxFXA,How to become a Management consultant without an MBA?  #career #managementconsulting,2023-09-07,1062379,26419,309,PT50S,https://youtube.com/watch?v=i1on3WqDDDQ,college admissions consultant,Management Consulting|Consulting|Mba,"Apply to our upcoming Management Consulting Cohort by GrowJunction in which Management Consultants from BCG, Deloitte, KPMG will be mentoring you.

For more detail: https://www.growjunction.com/s/page",0
YouTube,wVfD9ubMFX4,Niche: The College Search App,UCdp-NoQfCh8lbfrnY-adb_g,Ranking High School Extracurriculars from Worst to Best,2024-09-20,1003201,31557,530,PT1M,https://youtube.com/watch?v=wVfD9ubMFX4,college resume high school,,"Get involved with causes you're passionate about and show your commitment and leadership skills through your extracurriculars! Remember, quality over quantity. 

#HighSchool #CollegeApplications #Coll",12700
YouTube,jXQpA6Coh1c,Elise Pham,UCQgwF5Od06EKCvhEh1tmQDw,“How do I choose the right extracurriculars to get into my dream college?” 🏀🎨🎹 (Ep. 2),2025-08-27,987869,36055,123,PT1M24S,https://youtube.com/watch?v=jXQpA6Coh1c,extracurriculars for college,,,714000
YouTube,DOk16hOPLEo,Mahad Khan,UCQWnytHKeJEHXh85rC6tW2A,Do THIS to IMPROVE Your College Application,2023-09-19,978232,60482,292,PT1M1S,https://youtube.com/watch?v=DOk16hOPLEo,extracurriculars for college,College|College admissons|student|high school|AP classes,I'll edit your college essay! 📝 https://nextadmit.com,365000
YouTube,3hjXVUzGZRM,Cassandra Hsiao,UCh41u10HxdXIZ2lz43cW_OQ,Yale student reacts to Devi’s college decisions 🤮🚫 plz don’t do what she did! #college #admissions,2023-06-16,963618,29533,270,PT1M,https://youtube.com/watch?v=3hjXVUzGZRM,college admissions process,,"🙅‍♀️Putting all the Ivy eggs in one basket?🥚😱 Reacting to Devi Vishwakumar's decision to apply to ONLY Ivy Leagues! 🌍 Exceptional student or not, limiting yourself to Ivy League applications can be a ",29900
YouTube,fWdaL4rLtjY,VMS English Education,UCK2mlMjcguFf_8pzaukhliQ,Application for T.C || application for school or college leaving certificate #tc #leavingcertificate,2023-05-12,926677,6230,8,PT12S,https://youtube.com/watch?v=fWdaL4rLtjY,college resume high school,,,25200
YouTube,Pd3yfPk7ZTE,Dr Pal,UCP4k407eomZThGHo_9sgMkg,How to apply sunscreen the right way?,2025-10-14,855093,15568,141,PT1M15S,https://youtube.com/watch?v=Pd3yfPk7ZTE,college application mistakes,,,3850000
YouTube,4bDFSgl8mpQ,Quinn Henry,UCIAQuWY4lfGn8xArU_hG-dw,The Problem With Applying to College,2024-01-09,834271,32757,2233,PT55M51S,https://youtube.com/watch?v=4bDFSgl8mpQ,college admissions process,r/applyingtocollege|a2c|harvard|video essay|college admissions,"In this Video Essay we discuss the history and culture surrounding applying to college, as well as the attempts of both colleges and applicants to circumvent this culture. 

Updates on new videos:   h",0
YouTube,9biBGpjlQxw,Niche: The College Search App,UCdp-NoQfCh8lbfrnY-adb_g,Ranking the Opening Lines of My Top 5 College Application Essays,2024-10-29,789422,52509,296,PT59S,https://youtube.com/watch?v=9biBGpjlQxw,common app essay accepted,,"Here are the opening lines from five college application essays this student wrote that helped her get into Cornell University, Vanderbilt University, and UT Austin!

#CollegeEssay #CollegeApplication",12700
YouTube,tzwR42QgWtE,Gohar Khan,UCPk2s5c4R_d-EUUNvFFODoA,how to apply to college from start to finish,2023-09-13,770311,35923,765,PT26M48S,https://youtube.com/watch?v=tzwR42QgWtE,college application timeline,college admissions|ivy league|how to apply to university,"📝 Get your college essay edited: https://nextadmit.com/services/essay/
📞 Book a consultation call: https://nextadmit.com/services/call/
✏️ College Essay Bootcamp: https://forms.gle/SMBbB7A6GoTXokES9

",7510000
YouTube,Gga0TttdVIs,Mia Yilin,UCYVFeFY_4-755hqdPfB2qpw,"Extracurriculars that got me into Stanford, Princeton, + more! ❤️ #college #collegeadmissions #study",2024-05-24,752015,42974,546,PT50S,https://youtube.com/watch?v=Gga0TttdVIs,college resume high school,,,484000
YouTube,UVIcwBAycMQ,Elise Pham,UCQgwF5Od06EKCvhEh1tmQDw,Ranking common extracurriculars ✅,2026-02-08,708402,17674,302,PT1M4S,https://youtube.com/watch?v=UVIcwBAycMQ,extracurriculars for college,,"Ranking common extracurriculars 🌟

These are based on my conversations with admissions officers and patterns I’ve seen after analyzing thousands of successful applicants and helping students get into ",714000
YouTube,4ciBIvj0-ns,Shinwoo Lee,UCD5fLsqjgzJkqvWIq-aF31g,extracurricular activities that top colleges DO/DON&#39;T want to see,2024-11-20,691802,22348,935,PT8M32S,https://youtube.com/watch?v=4ciBIvj0-ns,extracurriculars for college,,"Free 6-Day T20 App Breakdown Series:
https://www.inspirateconsulting.net/6-day-series--d43a2
Get a personalized step-by-step roadmap to get into your dream school in 7 days:
https://www.inspirateconsu",50700
YouTube,9wqeLeTIDZU,Niche: The College Search App,UCdp-NoQfCh8lbfrnY-adb_g,Ranking the Most Common College Application Essay Topics,2024-09-18,691756,45412,291,PT50S,https://youtube.com/watch?v=9wqeLeTIDZU,common app essay accepted,,"Here are the most common college essay topics, ranked from worst to best!

#CollegeEssay #CollegeApplications #CollegeApps #CommonApp #CollegeApplication 

💚 Follow Niche Social 💚
TikTok:   / nichesoc",12700
YouTube,EztPIDySWqY,Lour Drick's Room,UC21_RrHNbfoOmlwXuQXjPRQ,Please Don&#39;t Write Your College Essays Like This,2023-06-27,649470,23881,570,PT40S,https://youtube.com/watch?v=EztPIDySWqY,college application timeline,college applications|college essay|how to get into stanford|how to get into harvard|how to get into yale,"Here are some pretty bad topics to write your college essay about. Not that there inherently bad per say, but they are very commonly written about, which makes it harder to stand out. You certainly ca",7010
YouTube,UupEQdS2VMY,Federal Student Aid,UCEnu3BHoR9IYgBnCkqQdgmA,Applying for Financial Aid With the FAFSA® Form,2023-11-07,618760,672,28,PT2M7S,https://youtube.com/watch?v=UupEQdS2VMY,college financial aid explained,Department of Education|FAFSA|FASFA|free|fafsa.gov,"The key to unlocking student aid to help you pay for college, career school, or trade school is submitting your Free Application for Federal Student Aid (FAFSA®) form!

Watch this video to prepare for",0
YouTube,nC76b6WzdAY,Ava Infante,UCQOb91HaMllgi711ubNM9zQ,RESULTS OF COLLEGES I APPLIED TO AS A CURRENT IVY LEAGUE STUDENT #upenn #ivyleague #college,2024-12-01,582042,13310,141,PT39S,https://youtube.com/watch?v=nC76b6WzdAY,college resume high school,,,9040
YouTube,Xk6IO_tVkx4,Mahad Khan,UCQWnytHKeJEHXh85rC6tW2A,Do NOT Submit THIS Test Score to Colleges,2023-08-20,578740,33833,188,PT59S,https://youtube.com/watch?v=Xk6IO_tVkx4,college application mistakes,College|College admissions|student|high school|AP class,I'll edit your college essay! 📝 https://nextadmit.com,365000
YouTube,z5sk7h_ArrU,Legal Office,UC5FyAT8CBsRyUeL99n0c04A,Latest High Court Judgement on Competetive Exams। Correction in Application Form।CET form Correction,2023-06-26,542014,5587,240,PT33S,https://youtube.com/watch?v=z5sk7h_ArrU,college application mistakes,application for me error ho jaaye to kaise theek kren|correction in application form|correction in CET form|correction in online application form|application form me correction kaise hoga,"Law Finder Headlines 

Inadvertent mistake while filing an online form - Correction allowed. (Punjab and Haryana) [DocId#2124727]

#advocate #law #legal #authority #highcourt #shortsvideo #highcou",0
YouTube,E5SmMV9-UbM,ElevatEd School,UCVUmMgbE92YeVtOAa3JZcuA,The Best Way to Start &amp; End a College Essay! | Tips for Common App and Supplementals,2023-07-02,521550,24075,286,PT7M3S,https://youtube.com/watch?v=E5SmMV9-UbM,common app essay accepted,Jeffrey yu|zhened|college applications|common app essay|common app,"Schedule a FREE intro meeting today:
https://www.elevated.school/getstarted?utm_source=youtube&utm_medium=longform&utm_campaign=college-essay-masterclass&utm_content=the-best-way-to-start-%26-end-a-co",65100
YouTube,pO3xNvUkAqU,Ashton Herndon,UCWNMLFfMYNk7E-8JOCdKpEg,How Harvard Students Got Into Harvard  #harvard #college #university #collegeadmissions,2024-11-12,498542,9845,95,PT39S,https://youtube.com/watch?v=pO3xNvUkAqU,college resume high school,,,108000
YouTube,uNTHLG3CPxk,JZO,UCaAOVh5lc4vOFrc94_9G54w,Inside the $700K Quant Finance Career Path After College | MIT Jane Street Intern,2025-05-29,479679,10736,400,PT8M4S,https://youtube.com/watch?v=uNTHLG3CPxk,college resume high school,MIT quant|Jane Street internship|how to become a quant|quant interview|quant prep,"*Instagram is now @jzonetwork

I interviewed an MIT student who interned at Jane Street, one of the most elite quant firms in the world. We talk about how he broke into quant finance, what the $700K c",101000
YouTube,mGvaEPrrMbo,Elise Pham,UCQgwF5Od06EKCvhEh1tmQDw,“How do I choose the right colleges and build an application theme at the SAME TIME?” 📝 (Ep. 1),2025-08-25,429427,19474,66,PT1M25S,https://youtube.com/watch?v=mGvaEPrrMbo,college application timeline,,,714000
YouTube,_SYBKNPMEbg,Gohar Khan,UCPk2s5c4R_d-EUUNvFFODoA,is the ivy league a scam?,2025-06-09,411597,9466,533,PT11M31S,https://youtube.com/watch?v=_SYBKNPMEbg,college financial aid explained,Grammarly,"Sign up and download Grammarly for FREE. If you want to level up your writing, get 20% off Pro: http://grammarly.com/gohar06

Is it worth shelling out hundreds of thousands for the Ivy League?

THE UL",7510000
YouTube,0K5r_7KMmRk,Shinwoo Lee,UCD5fLsqjgzJkqvWIq-aF31g,How to create IVY LEAGUE EXTRACURRICULARS in 5 minutes,2024-05-18,404140,16051,863,PT5M4S,https://youtube.com/watch?v=0K5r_7KMmRk,college resume high school,,"Free 6-Day T20 App Breakdown Series:
https://www.inspirateconsulting.net/6-day-series--d43a2
Get a personalized step-by-step roadmap to get into your dream school in 7 days:
https://www.inspirateconsu",50700
YouTube,a3pZdJvhlzA,Pratik Vangal,UCANgLJ3GA29oBa1L6-YKnmA,Top 3 Activities To Get Into Harvard,2024-06-27,387237,11691,81,PT28S,https://youtube.com/watch?v=a3pZdJvhlzA,extracurriculars for college,harvard,"Inquiries for 1:1 Private Admissions Advisory: https://atlaseducation.co
follow me on instagram: https://www.instagram.com/pratik.vangal/
follow me on tiktok: https://www.tiktok.com/@preachingp",102000
YouTube,HEOGM5qWw84,Helaine Zhao,UCXicAYN7ZovOeynkxfLBUTQ,"STATS &amp; ECS THAT GOT ME INTO HARVARD, MIT, STANFORD, YALE + MORE!! *sat, gpa, aps, awards, ecs",2024-04-12,385530,10789,788,PT8M58S,https://youtube.com/watch?v=HEOGM5qWw84,extracurriculars for college,college|college application|stats|extracurriculars|college tips,"hi everyone! Welcome to my video sharing the stats and extracurriculars that got me into colleges like Harvard, MIT, Stanford, Yale, and more. I go over my SAT, GPA, APs, Ranking, Honors, and Extracur",238000
YouTube,zx1j-LP_XiA,Elise Pham,UCQgwF5Od06EKCvhEh1tmQDw,7 Deadly Mistakes That Get You REJECTED from Ivy League Schools (Are You Making These?),2025-04-14,380775,17127,572,PT16M44S,https://youtube.com/watch?v=zx1j-LP_XiA,college application mistakes,Ivy League admissions|how to get into Ivy League|common college application mistakes|Ivy League rejection reasons|college admissions tips,"7 Deadly Mistakes That Get You REJECTED from Ivy League Schools (Are You Making These?)

Download my Full Written Course on How to Get Into An Ivy League for FREE: https://www.ultimateivyleagueguide.c",714000
YouTube,PngmQZLayZM,Elise Pham,UCQgwF5Od06EKCvhEh1tmQDw,3 most OVERRATED extracurriculars on college applications,2025-03-05,368770,20204,81,PT51S,https://youtube.com/watch?v=PngmQZLayZM,college application mistakes,,"Most students are wasting so much time on the wrong extracurriculars…

I almost did too—

until I realized that stacking my resume with random clubs and overpriced summer programs wasn’t going to get ",714000
YouTube,Bpa-ovGFpd4,Harvard Summer School,UCW2DdLBZCoUcRWH8ILl3uCQ,The Harvard Summer School Experience,2023-09-18,367401,180,0,PT1M48S,https://youtube.com/watch?v=Bpa-ovGFpd4,summer programs high school,harvard summer school|harvard summer|harvard|harvard university,Three Harvard Summer School students share what their experience was like studying at Harvard for the summer. Learn more about Harvard’s college programs for high school students: https://summer.harva,6400
YouTube,-UGpypUrLUg,Elise Pham,UCQgwF5Od06EKCvhEh1tmQDw,I wrote a successful college essay to Harvard in one hour (and here’s how),2024-07-29,361902,28956,101,PT44S,https://youtube.com/watch?v=-UGpypUrLUg,college application timeline,,"HOW I WROTE A SUCCESSFUL HARVARD ESSAY IN ONE HOUR⬇️

Hi! I’m Elise, a current Harvard student and a Forbes-recognized college admissions counselor 👩🏻‍🎓

🔑 If you want an essay that’s streamlined and ",714000
YouTube,MZ0XeefKWoE,Murrad on Run,UCnj05A7-L71QjMPnGabcLJw,"How I Wrote Essays that Got me into STANFORD 🇺🇸, OXFORD 🇬🇧 &amp; ROTMAN 🇨🇦",2024-05-18,355592,19312,435,PT8M23S,https://youtube.com/watch?v=MZ0XeefKWoE,common app essay accepted,college applications|common app essay|common app|college application process|college application essay,"Secrets to crafting compelling essays that got me accepted into Stanford, Oxford, and Rotman! 
In this video, I'll share proven tips and strategies for writing standout university application essays. ",418000
YouTube,_Jde0DPXEYI,Elise Pham,UCQgwF5Od06EKCvhEh1tmQDw,The Personal Statement That Got Me Into EVERY IVY LEAGUE,2024-06-16,342018,16105,254,PT27M34S,https://youtube.com/watch?v=_Jde0DPXEYI,common app essay accepted,ultimate ivy league|personal statement|how to write a personal statement|personal statement example|personal statement samples,"Download my Full Written Course on How to Get Into An Ivy League for FREE: https://www.ultimateivyleagueguide.com

Apply for 1-1 coaching with me if you want the best chance of getting into your dream",714000
YouTube,dneAgGmG8fg,Wisdom Land High School,UCdJPdD6ZYzUHtQy--CQmliA,Admission Open session 2025-26 #students #beststudent #education #shortvideo #admission #admissions,2025-02-02,337251,2217,3,PT13S,https://youtube.com/watch?v=dneAgGmG8fg,summer programs high school,,,0
YouTube,lRdw0KOpe4U,Elise Pham,UCQgwF5Od06EKCvhEh1tmQDw,The Extracurriculars Ivy Leagues Look For,2024-11-04,331618,24873,177,PT56S,https://youtube.com/watch?v=lRdw0KOpe4U,extracurriculars for college,,"THE EXTRACURRICULARS THAT IVY LEAGUES WANT ⬇️

During high school, I thought that joining a bunch of extracurriculars was what admissions officers wanted ⚽️🏊🏻‍♀️🎹🎨

I mean, the more the better…right? ",714000
YouTube,v7ma_3M4p8c,Mahad Khan,UCQWnytHKeJEHXh85rC6tW2A,College Admissions: INSIDE the Decision Room,2024-06-27,330994,17800,69,PT58S,https://youtube.com/watch?v=v7ma_3M4p8c,college application timeline,College|College admissons|student|high school|AP classes,I'll edit your college essay! 📝 https://nextadmit.com,365000
YouTube,G6PpI2zlcbI,Limmytalks,UCNJS6U4h4oo-0q6OsMpu4Ag,Application of a STANFORD Admitted Student,2023-08-17,330669,8426,128,PT24S,https://youtube.com/watch?v=G6PpI2zlcbI,common app essay accepted,College|college admission|college admission tips|applying to usa|university,"If you're a high school student and want to better understand how strong your application is, what your chances are to 40+ universities, and how to improve your application, go to dreamschool.ai and s",78600
YouTube,UkrbuG3uKug,Ashton Herndon,UCWNMLFfMYNk7E-8JOCdKpEg,Asking Yale Students How They Got Into Yale #yale #college #university #collegeadmissions,2024-12-28,328998,7317,155,PT1M,https://youtube.com/watch?v=UkrbuG3uKug,summer programs high school,,,108000
YouTube,51YUCwJZE3Q,Crazy Medusa,UC5eQRbF73v1wSpIfbD4zExQ,High Acceptance Universities in New York USA with up to 100% Scholarships   #studyinusa,2023-10-02,307954,11499,67,PT12S,https://youtube.com/watch?v=51YUCwJZE3Q,college application timeline,crazy medusa|saloni verma|saloni verma official|saloni verma harvard|indian in USA,"#shorts 
Personal mentorship program: https://www.incognitoblueprints.com/mentorships
College Application (Code: INCOGNITO for 10% off): https://www.incognitoblueprints.com/templates
Crazy Medusa Stud",239000
YouTube,aIBH0OTz38E,Pratik Vangal,UCANgLJ3GA29oBa1L6-YKnmA,"Writing College Essays Is Easy, Actually",2024-07-26,286641,14909,254,PT13M,https://youtube.com/watch?v=aIBH0OTz38E,common app essay accepted,,"Inquiries for 1:1 Private Admissions Advisory: https://atlaseducation.co

This is how to write a good college application essay; tell the university an interesting story. 

Follow me on Instagram: htt",102000
YouTube,i38hpvPp62I,Shinwoo Lee,UCD5fLsqjgzJkqvWIq-aF31g,What 100 college essays taught me about who gets rejected…,2025-03-23,275805,20888,289,PT6M11S,https://youtube.com/watch?v=i38hpvPp62I,common app essay accepted,,"Free 6-Day T20 App Breakdown Series:
https://www.inspirateconsulting.net/6-day-series--d43a2
Get a personalized step-by-step roadmap to get into your dream school in 7 days:
https://www.inspirateconsu",50700
YouTube,lQKeKG3UzBU,Niche: The College Search App,UCdp-NoQfCh8lbfrnY-adb_g,Top 5 Worst College Application Essay Topics That Feel Unique But Actually Aren&#39;t,2025-03-16,267781,5241,77,PT42S,https://youtube.com/watch?v=lQKeKG3UzBU,common app essay accepted,,"Think you have an original college application essay idea? Maybe think again!

#CollegeSearch #CollegeEssay #CollegeApplications #CollegeApps #CommonApp 

💚 Follow Niche Social 💚
TikTok:   / nichesoci",12700
YouTube,T0XJx192l4E,Crazy Medusa,UC5eQRbF73v1wSpIfbD4zExQ,Top Computer Science Universities in USA with 100% Financial Aid #internationalstudents  #studyinusa,2023-09-25,265124,6617,64,PT13S,https://youtube.com/watch?v=T0XJx192l4E,college financial aid explained,crazy medusa|saloni verma|saloni verma official|saloni verma harvard|indian in USA,"#shorts 
Personal mentorship program: https://www.incognitoblueprints.com/mentorships
College Application (Code: INCOGNITO for 10% off): https://www.incognitoblueprints.com/templates
Crazy Medusa Stud",239000
YouTube,eetPPF_WHJw,jina,UCuPwpZzR84bBa0_YJIoeE0Q,"STATS + EXTRACURRICULARS that got me into harvard + mit + more ! | gpa, sat score, interviews, etc",2024-05-04,237809,7996,549,PT14M56S,https://youtube.com/watch?v=eetPPF_WHJw,extracurriculars for college,college|college decisions,"welcome to my stats + ecs video !

I'm so sorry that this video took so long :( it took so long that my hair is still long in the video even though I cut my hair four months ago ._.

if you have any q",6270
YouTube,2meKwMIWGlw,ElevatEd School,UCVUmMgbE92YeVtOAa3JZcuA,Watch THIS Before Starting Your Common App Essay,2024-07-17,226787,7349,454,PT6M29S,https://youtube.com/watch?v=2meKwMIWGlw,common app essay accepted,college applications|common app essay|common app|college application essay|college application tips,Want to work with us? Schedule a FREE intro meeting today: https://www.elevated.school/getstarted?utm_source=youtube&utm_medium=longform&utm_campaign=college-essay-masterclass&utm_content=watch-this-b,65100
YouTube,ujSW1fsMnQk,CATKing,UC4eEFUtZeW6iOqH8e9e0CyQ,Do Extracurricular Activities Build Your MBA Profile? | MBA Profile Building Tip | MBA Preparation,2024-07-18,215114,10666,74,PT1M,https://youtube.com/watch?v=ujSW1fsMnQk,extracurriculars for college,best cat preparation|cat entrance exam preparation|cat entrance exam|cat 2024 preparation strategy|cat exam preparation,"Do Extracurricular Activities Build Your MBA Profile? | MBA Profile Building Tip | MBA Preparation

CATKing Courses - https://courses.catking.in/courses/cat-intensive (Call - 8999118999)
Best Profile ",571000
YouTube,yN8YMi3CQek,Prakriti & Ashish | Escape to Landscapes,UCAulUmSxrjcFdAWLw-Dr0kw,Schengen Visa is easier than you expected 🇪🇺✈️ #schengenvisa #application #eurotrip,2025-07-30,214709,3291,388,PT47S,https://youtube.com/watch?v=yN8YMi3CQek,college application timeline,,"Get our complete Schengen Visa guide ✈️⤵️

Subscribe us to get the ultimate step-by-step guide to apply for a Schengen Visa.

This is everything you get (yes, absolutely free)

📅 Visa Appointment Tips",96900
YouTube,nOF_PJbqnj8,Ivy Tutors Network,UCLnIOIIdZpYcVC8c9V5JgIQ,What is a Good SAT Score???,2024-01-04,214322,6033,108,PT57S,https://youtube.com/watch?v=nOF_PJbqnj8,college chances calculator,,"Guide how to define SAT success by your score
#goodsatscore #sat #math",35300
YouTube,XqgXudxPT-Q,Elise Pham,UCQgwF5Od06EKCvhEh1tmQDw,“How do I MAXIMIZE my scholarships and financial aid for college?” 💰 (Ep. 8),2025-09-08,208023,10127,54,PT1M39S,https://youtube.com/watch?v=XqgXudxPT-Q,college financial aid explained,,,714000
YouTube,Vgr3w2PuliI,Elise Pham,UCQgwF5Od06EKCvhEh1tmQDw,“How do I write a personal statement that will get me into my dream college?”📝 (Ep. 5),2025-09-01,205550,10068,58,PT1M37S,https://youtube.com/watch?v=Vgr3w2PuliI,common app essay accepted,,,714000
YouTube,m1I6MH7AdR4,The Scholarship System,UC-tM2qBlmFHGQ91s_0SC8Aw,3 FAFSA secrets to help you get the most financial aid,2023-02-19,205238,3819,451,PT11M3S,https://youtube.com/watch?v=m1I6MH7AdR4,college financial aid explained,The Scholarship System|Jocelyn Pearson|fafsa|college planning|financial aid,"Chances are, if you are watching this, you’ve heard of the FAFSA before. Short for the Free Application for Federal Student Aid, the FAFSA helps colleges to determine eligibility for Federal and State",59300
YouTube,kpXT7UTdHXg,Vedantu Study Abroad,UCF0F_2mDUfL8PUo6zJMX9IA,How to Get Admission in Harvard University 🤩✨ #studyabroadfree #studyabroad #shorts #foreignstudy,2025-02-23,205220,7460,70,PT54S,https://youtube.com/watch?v=kpXT7UTdHXg,college application timeline,,How to Get Admission in Harvard University 🤩✨ #studyabroadfree #studyabroad #shorts #foreignstudy,122000
YouTube,dgZIGA6iUe4,Elise Pham,UCQgwF5Od06EKCvhEh1tmQDw,"What Harvard, Yale, and Stanford looks for in your kids &amp; how to help them meet standards🌟 (Ep. 2)",2025-10-10,189765,6349,195,PT1M29S,https://youtube.com/watch?v=dgZIGA6iUe4,college application timeline,,,714000
YouTube,mqU3G-orMas,Elise Pham,UCQgwF5Od06EKCvhEh1tmQDw,Top college look only for these 3 types of extracurriculars 😉,2025-11-06,189763,3827,24,PT11S,https://youtube.com/watch?v=mqU3G-orMas,extracurriculars for college,,"In 10th grade, I thought the only way to stand out was to join every club possible.
But that’s not how admissions officers think.

What actually matters isn’t how many activities you do… it’s which on",714000
YouTube,OzmDBePM9nc,Vedantu Study Abroad,UCF0F_2mDUfL8PUo6zJMX9IA,Fees &amp; Living Expenses in Harvard University😱 #harvard #studyabroadfree #studyabroad #foreignstudy,2025-04-27,189214,6225,48,PT1M1S,https://youtube.com/watch?v=OzmDBePM9nc,college financial aid explained,,Fees & Living Expenses in Harvard University😱 #harvard #studyabroadfree #studyabroad #foreignstudy,122000
YouTube,6QT28g5OujA,ElevatEd School,UCVUmMgbE92YeVtOAa3JZcuA,How To Fill Out the Common App Activities Section (the RIGHT Way),2023-07-30,187735,5954,173,PT10M9S,https://youtube.com/watch?v=6QT28g5OujA,common app essay accepted,Jeffrey yu|zhened|college applications|common app essay|common app,Want to work with us? Schedule a FREE intro meeting today: https://www.elevated.school/getstarted?utm_source=youtube&utm_medium=longform&utm_campaign=general-college-guidance&utm_content=how-to-fill-o,65100
YouTube,e2ggwPLftxg,"Venki Technology • 100k views • 1 hour ago



...",UCPjfpYu7EdjFrimGBlGFWBg,Driving licence Apply online Complete Process #drivinglicense,2025-08-12,186398,3044,23,PT38S,https://youtube.com/watch?v=e2ggwPLftxg,college application timeline,,,86500
YouTube,0TPIX8Xx17c,Pratik Vangal,UCANgLJ3GA29oBa1L6-YKnmA,Best Extracurriculars For Harvard,2024-07-05,185467,6799,64,PT35S,https://youtube.com/watch?v=0TPIX8Xx17c,extracurriculars for college,,"follow me on instagram: https://www.instagram.com/pratik.vangal/
follow me on tiktok: https://www.tiktok.com/@preachingp",102000
YouTube,AQf92hxXRWU,Joowan ,UCPig1iLvhyZcZ2P9X2ousPQ,reading my emotional college essay that got me into stanford,2025-06-23,183900,8791,295,PT6M20S,https://youtube.com/watch?v=AQf92hxXRWU,common app essay accepted,,"Did I cook on my essay?

Got questions? Join my FREE community for highschoolers: https://www.skool.com/ivylab-8633

insta: https://www.instagram.com/joowan.tutoring/",0
YouTube,WR40gvvJAYg,Elise Pham,UCQgwF5Od06EKCvhEh1tmQDw,College Admissions 101: The TRUTH About Grades &amp; GPA,2024-12-13,183433,12997,49,PT47S,https://youtube.com/watch?v=WR40gvvJAYg,college application mistakes,,"HOW IMPORTANT ARE GRADES TO COLLEGE ADMISSION OFFICERS? 👀⬇️

The truth is: High grades will NOT set you apart. 

If two applicants have the exact same grades, SAT score, and background, what will diff",714000
YouTube,faKSg0gfQPA,Lour Drick's Room,UC21_RrHNbfoOmlwXuQXjPRQ,Activities that Got Me into Stanford,2023-06-30,181278,6370,104,PT59S,https://youtube.com/watch?v=faKSg0gfQPA,extracurriculars for college,how i got into stanford|how i got into the ivy league|extracurricular activities|college applications|college admissions,"Common App asks for 10 extracurricular activities that you did in high school. Here are the 10 that I did!

#collegeadvice #collegeadmissions #stanford",7010
YouTube,qrJ6L43dhik,Limmytalks,UCNJS6U4h4oo-0q6OsMpu4Ag,College Application of a YALE Accepted Student.,2023-08-17,172167,4304,103,PT19S,https://youtube.com/watch?v=qrJ6L43dhik,college application timeline,College|college admission|college admission tips|applying to usa|university,"If you're a high school student and want to better understand how strong your application is, what your chances are to 40+ universities, and how to improve your application, go to dreamschool.ai and s",78600
YouTube,P7IyXI2K5rU,Mahad Khan,UCQWnytHKeJEHXh85rC6tW2A,The Most COMMON College Essay Question,2023-12-10,168888,13282,44,PT1M1S,https://youtube.com/watch?v=P7IyXI2K5rU,common app essay accepted,College|College admissons|student|high school|AP classes,I'll edit your college essay! 📝 https://nextadmit.com,365000
YouTube,vufAMtKCKQw,College Zoom - Admissions Consulting,UC5EmqH18ay0mBnGzS9WpB3A,"College Admissions Secrets That Get 4.0 Students REJECTED (Free Masterclass, Invitation)",2025-12-15,167725,2,0,PT58S,https://youtube.com/watch?v=vufAMtKCKQw,college admissions consultant,,"🔥🔥 FREE MASTERCLASS: The 3 Timeless Admissions Secrets That Change Everything
Don't wait! Watch this 55-second clip from David Reynaldo, 16-year Admissions Consultant and founder of College Zoom, to l",210
YouTube,TWFvvpMvOAk,Niche: The College Search App,UCdp-NoQfCh8lbfrnY-adb_g,Ranking the Best Ways to Begin Your College Application Essay,2025-01-28,159402,12668,60,PT56S,https://youtube.com/watch?v=TWFvvpMvOAk,common app essay accepted,,"These are the 5 best ways to begin your college application essay!

#CollegeStudent #CollegeSearch #CollegeEssay #CollegeApplications #CollegeApps #CommonApp 

💚 Follow Niche Social 💚
TikTok:   / nich",12700
YouTube,yP977yZedW8,Paramount+ Australia,UCLQNi1D5SPP4Zihk8dGbBWA,Ainsley&#39;s college admissions interview | Part 2 | Landman s2e1 #Landman #shorts,2025-11-25,158236,3195,119,PT1M17S,https://youtube.com/watch?v=yP977yZedW8,college application timeline,,Part 2 of Ainsley's college acceptance interview because we know you wanted it 🤓 Season 2 of #Landman is now streaming exclusively on #ParamountPlus,24300
YouTube,2coSGThwHZU,DINESH PRABHU,UCxzNPaToGSLpTKBYxOscZqQ,SSN College of Engineering-1315|1 minute Review|Placements &amp; Admissions Process|Dineshprabhu #tnea25,2025-03-01,156133,4686,65,PT1M30S,https://youtube.com/watch?v=2coSGThwHZU,college admissions consultant,Ssn college of engineering|Dineshprabhu career guidance|Engineering admissions 2025|Best colleges to join in 2025|Ssn college details,#ssncollege #dineshprabhu #careerguidance #ssn #ssncollegeofengineering #trending #reels #shorts #fun #comedy #education #dragon #dragonmovie #aswath #pradeep #trendingreels #tamil #topcolleges #tags ,244000
YouTube,i665pq6JhqU,Shinwoo Lee,UCD5fLsqjgzJkqvWIq-aF31g,don&#39;t know what extracurricular to start in 2024? i gotchu.,2024-07-28,150715,7674,190,PT8M36S,https://youtube.com/watch?v=i665pq6JhqU,extracurriculars for college,,"Free 6-Day T20 App Breakdown Series:
https://www.inspirateconsulting.net/6-day-series--d43a2
Get a personalized step-by-step roadmap to get into your dream school in 7 days:
https://www.inspirateconsu",50700
YouTube,lLJsAqLPiL4,Rishab Jain STEM,UCTbbRZ087eI_IS1PhQK_mug,"The Extracurricular that Got Me Into Harvard, Stanford, MIT...",2023-07-23,149302,5110,217,PT12M58S,https://youtube.com/watch?v=lLJsAqLPiL4,extracurriculars for college,college extracurriculars|extracurriculars that got me into harvard|extracurriculars high school|high school extracurriculars|revealing my extracurriculars,"I will show you HOW to write your extracurriculars section, and what I did.
ALL the other videos about revealing ECs are trash! Here's why:

This video shows you not just WHAT my extracurriculars were",0
YouTube,KL1jbi0Bu6Q,Niche: The College Search App,UCdp-NoQfCh8lbfrnY-adb_g,Ranking High School Extracurriculars from Worst to Best,2024-11-07,148135,5394,101,PT1M,https://youtube.com/watch?v=KL1jbi0Bu6Q,extracurriculars for college,,Get involved with causes you're passionate about and show your commitment and leadership skills through your extracurriculars! Do something because you truly want to and not just for college applicati,12700
YouTube,ftGjdeUQRDM,KIC TV,UCnq3yuiIUlTDTWh7KHniotQ,TNEA 2025 Counseling Explained-Step-by-Step Guide to Admissions | Best College in Cbe,2025-04-03,147487,4327,0,PT2M37S,https://youtube.com/watch?v=ftGjdeUQRDM,college admissions consultant,karpagam college of engineering|karpagam|coimbatore engineering colleges|best engineering college|kce,Wondering how the TNEA counseling process works? Our faculty breaks it down step by step from registration to seat allotment so you know exactly what to expect. Watch now and get clarity on your admis,0
YouTube,AUB7wq50o8E,Elise Pham,UCQgwF5Od06EKCvhEh1tmQDw,The 3 types of extracurriculars top colleges look for (Ep. 8 of Mastering High School),2025-08-01,145640,9947,73,PT1M1S,https://youtube.com/watch?v=AUB7wq50o8E,extracurriculars for college,,,714000
YouTube,wtI82sfwqtU,CNN,UCupvZG-5ko_eiXAupbDfxWw,College admissions expert: &#39;We&#39;re just putting a tremendous amount of pressure on our kids&#39;,2025-09-27,143640,1280,352,PT7M32S,https://youtube.com/watch?v=wtI82sfwqtU,college admissions consultant,,"CNN's Michael Smerconish speaks with Jeffrey Selingo, college admissions expert and author of ""Dream School: Finding the College That's Right for You"" and ""Who Gets In and Why: A Year Inside College A",19400000
YouTube,vOcUj55U8ec,Crazy Medusa,UC5eQRbF73v1wSpIfbD4zExQ,"Ivy League Accepted Extracurricular Activities | Harvard, Cornell, Columbia Student Profile!",2024-01-22,143333,4110,188,PT16M32S,https://youtube.com/watch?v=vOcUj55U8ec,extracurriculars for college,crazy medusa|saloni verma|saloni verma official|saloni verma harvard|what extracurriculars you need for ivy leagues,"#studyabroad #scholarships #ivyleague 

Research Bootcamp by Incognito Blueprints: https://www.incognitoblueprints.com/researchbootcamp

Personal mentorship program: https://www.incognitoblueprints.co",239000
YouTube,J-QyNxqlmpo,millie liao,UCP1ethGXE7MD8B9MuVJ35ew,"essays that got me into yale, stanford, princeton, ucla, and more!!",2023-12-12,143005,5077,93,PT14M19S,https://youtube.com/watch?v=J-QyNxqlmpo,common app essay accepted,,"have a dream school? curicular can help: https://www.curicular.com/plans-pricing 
use code *MILLIE01* for a discount for our services!!!

hi friends!!! i'm so excited to finally bring to you guys the ",438000
YouTube,8deq9OYHpNE,Pratik Vangal,UCANgLJ3GA29oBa1L6-YKnmA,HARVARD Students Rank BEST Extracurriculars ft. Rishab Jain,2023-07-17,141893,3451,207,PT23M48S,https://youtube.com/watch?v=8deq9OYHpNE,extracurriculars for college,harvard|college apps|high school|rishab jain,"Inquiries for 1:1 Private Admissions Advisory: https://atlaseducation.co

REVIEWING RESUMES & COLLEGE APPS FOR FREE. I’ll be breaking down your applications in a future video. If you’re looking for a ",102000
YouTube,Sc_9Cjosb_4,ElevatEd School,UCVUmMgbE92YeVtOAa3JZcuA,Editing YOUR College Essays | The BEST Common App I&#39;ve Read,2023-09-24,138146,5444,213,PT21M14S,https://youtube.com/watch?v=Sc_9Cjosb_4,common app essay accepted,Jeffrey yu|zhened|college applications|common app essay|common app,Want to work with us? Schedule a FREE intro meeting today: https://www.elevated.school/getstarted?utm_source=youtube&utm_medium=longform&utm_campaign=editing-your-college-essays&utm_content=editing-yo,65100
YouTube,JwI58UYJh64,Mahad Khan,UCQWnytHKeJEHXh85rC6tW2A,Do NOT Make These College Essay Mistakes,2023-11-23,134792,11028,31,PT1M1S,https://youtube.com/watch?v=JwI58UYJh64,college application mistakes,College|College admissons|student|high school|AP classes,I'll edit your college essay! 📝 https://nextadmit.com,365000
YouTube,bN4R0uOSmEQ,Shinwoo Lee,UCD5fLsqjgzJkqvWIq-aF31g,Do these 6 extracurriculars and thank me later,2025-06-08,131625,6876,167,PT13M45S,https://youtube.com/watch?v=bN4R0uOSmEQ,extracurriculars for college,,"Free 6-Day T20 App Breakdown Series:
https://www.inspirateconsulting.net/6-day-series--d43a2
Get a personalized step-by-step roadmap to get into your dream school in 7 days:
https://www.inspirateconsu",50700
YouTube,iaJFlBz7W1Y,Swati Rai,UCPg3wei30p5biqmLQBJIX8g,How to apply for financial aid in Coursera | FREE Courses from Coursera | FREE UX Courses,2023-10-10,125862,1948,180,PT3M32S,https://youtube.com/watch?v=iaJFlBz7W1Y,college financial aid explained,UX deisgn|Ux designer|uiux designer|swati rai|ux designer,"⏳ TIMESTAMPS ⏳
0:00 Start
0:07 Intro
0:22 Applying for financial aid
3:06 Outro



✨ Wanna become a self-taught designer? 
Get my FREE ebook: https://theeswatirai.gumroad.com/l/hzpom

✨ Looking for a ",4240
YouTube,Kq4T-qQGPkc,Elise Pham,UCQgwF5Od06EKCvhEh1tmQDw,Extracurriculars Ivy Leagues *ACTUALLY* want (step-by-step guide),2024-03-30,125229,10411,44,PT48S,https://youtube.com/watch?v=Kq4T-qQGPkc,extracurriculars for college,,,714000
YouTube,curqHbILsXY,Yudi J,UCu6WUWDl9tx7bn2e8jy7sNw,Fall 2025 MS in USA |The Ultimate USA Application Timeline । Tips for Success। MS in USA 2025,2024-08-19,120997,3891,696,PT20M3S,https://youtube.com/watch?v=curqHbILsXY,college application timeline,fall 2025 ms in usa|fall 2025 masters in usa|masters in us|ms in usa 2025|ms in us spring 2025,"📧 Join My FREE Weekly Newsletter (16,000+ Members):  https://link.yudij.com/newsletter

Study in USA Accelerator — Sign Up: https://yudij.kit.com/studyinusa

Get actionable study abroad tips, job sear",309000
YouTube,nZXzT92MURs,"david, the counselor",UCllu6ImJCinohr7skJEa5_Q,Every UC Campus presented by a high school counselor (Overview &amp; Comparison),2025-07-14,108657,2333,289,PT27M39S,https://youtube.com/watch?v=nZXzT92MURs,college counselor review,highschool|college|collegeapplications|success|universityofcalifornia,"high school counselor & proud UC product here
here is my video for my students who are interested in learning more about the 9 different undergraduate campuses w/i the UC system.

the application goes",3050
YouTube,8uCHd0bcjkY,Examplit,UCqy3miabsl-9i-BLxUUBbEw,Guess who got into MIT?,2025-02-28,106698,1736,31,PT23S,https://youtube.com/watch?v=8uCHd0bcjkY,common app essay accepted,Harvard University|Stanford University|MIT|Caltech|University of Chicago,"📚 Shocking College Admissions Story | MIT Acceptance Insights

Who do you think got accepted into MIT? Was it the Asian-American female public school student with a 1580 SAT score, perfect GPA, and 16",0
YouTube,b_X9DiOJXkI,Crazy Medusa,UC5eQRbF73v1wSpIfbD4zExQ,Fall 2024 Undergraduate Application Guidebook for International Students | Scholarships &amp; Timeline!,2023-05-08,105635,4301,319,PT26M42S,https://youtube.com/watch?v=b_X9DiOJXkI,college application timeline,crazy medusa|saloni verma|saloni verma official|saloni verma harvard|indian in USA,"#studyabroad #fall2024 #internationalstudents 

Free SAT Test papers: https://satsuite.collegeboard.org/sat/practice-preparation/practice-tests
Free TOEFL Test papers: https://www.ets.org/toefl/test-t",239000
YouTube,tCJpRcRrfhc,jina,UCuPwpZzR84bBa0_YJIoeE0Q,revealing my ESSAYS that got me into mit + harvard + more ‼️ | common app + supps :),2024-07-23,105517,3681,121,PT13M55S,https://youtube.com/watch?v=tCJpRcRrfhc,common app essay accepted,,"here is the long awaited college essay video !

I decided to share only some of my essays because the others were more personal sorry if that disappointed you, but please respect my privacy as well !
",6270
YouTube,I1EbAs2XpgE,Federal Student Aid,UCEnu3BHoR9IYgBnCkqQdgmA,Where’s My Financial Aid?,2024-01-26,105353,534,23,PT3M10S,https://youtube.com/watch?v=I1EbAs2XpgE,college financial aid explained,Department of Education|FAFSA|FASFA|free|fafsa.gov,"If you’ve submitted your Free Application for Federal Student Aid (FAFSA®) form and you’ve received your FAFSA Submission Summary, you may be wondering when and how you’ll receive your financial aid. ",0
YouTube,EwXa8siVONQ,HSA Tutoring,UCD_CUWbcpEzTt0WPFA3NQjg,What HARVARD students wrote in their COMMON APP essays (pt. 6),2023-06-05,104178,1990,26,PT29S,https://youtube.com/watch?v=EwXa8siVONQ,common app essay accepted,Harvard|Harvard College|HARVARD|Harvard University|Harvard Student Agencies,#harvard #collegeacceptance #collegeessay,668
YouTube,e6hezRBURZw,Gohar Khan,UCPk2s5c4R_d-EUUNvFFODoA,#sponsored the extracurricular that got me into the Ivy League,2024-08-24,103514,3292,194,PT3M30S,https://youtube.com/watch?v=e6hezRBURZw,extracurriculars for college,,"Getting into college is tricky. Here’s the one extracurricular that I think stood out to every school I applied to… 👀

ABOUT ME
My name is Gohar Khan, and I'm an MIT grad helping you succeed at school",7510000
YouTube,IEhN8GvEIIQ,Niche: The College Search App,UCdp-NoQfCh8lbfrnY-adb_g,5 Best Ways To Conclude Your College Application Essay,2025-02-06,98695,5381,24,PT44S,https://youtube.com/watch?v=IEhN8GvEIIQ,common app essay accepted,,"We showed you the worst ways to conclude your college application essay...now here are the best ways!

#CollegeStudent #CollegeSearch #CollegeEssay #CollegeApplications #CollegeApps #CommonApp 

💚 Fol",12700
YouTube,cK07v4U19Yw,Ryanne Cayanan,UCrVgfdvhy3KzuUWFwBucEYg,"COLLEGE DECISIONS 2025 (Ivies, Stanford, USC, UCs, NO SAFETIES) || + Stats &amp; Extracurriculars",2025-04-25,96057,1645,81,PT23M24S,https://youtube.com/watch?v=cK07v4U19Yw,extracurriculars for college,,"HOLY THIS VIDEO TOOK FOREVER TO EDIT. Finally, college decision szn has officially ended and a new cycle of these videos gets uploaded… MINE BEING ONE OF THEM!!! This entire experience has definitely ",551
YouTube,P3vO-FjzWJY,"Edvest 529, Wisconsin's College Savings Plan",UCfIHFwYC3fOTYwLKxMLivaA,College Savings Connection: Do 529 Plans actually impact financial aid?,2024-08-02,92414,57,0,PT5M11S,https://youtube.com/watch?v=P3vO-FjzWJY,college financial aid explained,,"Are you considering a 529 plan for your child’s education but worried about its effect on financial aid? In our latest video in our College Savings Connection series, we explore how 529 plans can impa",195
YouTube,dIWlmIcspaU,Elise Pham,UCQgwF5Od06EKCvhEh1tmQDw,Everything You Need To Do During JUNIOR YEAR To Prepare for College Apps ✅,2024-08-21,92007,5794,35,PT44S,https://youtube.com/watch?v=dIWlmIcspaU,college application timeline,,"EVERYTHING You Need To Do During Junior Year⬇️‼️

Most students don’t start thinking about college applications until senior year, and that’s why they get rejected from top universities. ⏰📚

To be str",714000
YouTube,27ygW77Zf5M,Lour Drick's Room,UC21_RrHNbfoOmlwXuQXjPRQ,Best Essay Topics for College Applications,2023-06-20,88558,5171,44,PT42S,https://youtube.com/watch?v=27ygW77Zf5M,common app essay accepted,college applications|college essay|how to get into stanford|how to get into harvard|how to get into yale,"Here are 10 of the best topics to write about for your college applications. If you aren't sure what to write your Common App essay about, this list might be a good place to start!

A lot of students ",7010
YouTube,aHc7IMkG5jg,Pratik Vangal,UCANgLJ3GA29oBa1L6-YKnmA,IVY LEAGUE Admissions Expert REVEALS College Admissions Secrets,2024-04-26,86470,3295,111,PT26M29S,https://youtube.com/watch?v=aHc7IMkG5jg,college admissions consultant,harvard|ivy league,"Quad Education can help you lock in with college admissions! Use code ""PREACH"" for 10% off any services. 
https://www.quadeducationgroup.com/free-consultation?utm_source=youtube&utm_medium=affiliate&u",102000
YouTube,9ugJws37UAE,Happily,UCvJSaiuvbAU5VPsCRvQMk8g,Finding out first-Gen college student is going to Harvard 😆 #shorts #college,2023-05-30,81144,3772,66,PT33S,https://youtube.com/watch?v=9ugJws37UAE,first generation college,,"💙 Subscribe to Happily for more feel-good videos: https://bit.ly/2yLeLS1
🔔 Turn on all notifications so you don’t miss an upload

A proud family couldn’t hide their emotion when a son – who is the fir",1290000
YouTube,rA3ZmR2kZPo,The Stanford Daily,UCWg3QqUzqxXt6herm5sMjNw,Stanford Students Reveal What They Wrote Their Common App Essays About | Open Up,2024-05-22,78952,1816,54,PT6M49S,https://youtube.com/watch?v=rA3ZmR2kZPo,common app essay accepted,,"Stanford students tell us what they wrote their Common App essays about -- and if their essays still hold up now. 

Special thanks to Ethan David Scott '27, Kilas Gallimore '26, Lauren Koong '26, Budd",3400
YouTube,3oy_KjiMt0c,ElevatEd School,UCVUmMgbE92YeVtOAa3JZcuA,How to Get Into Columbia | The #1 Video You Need to Watch,2024-06-09,74899,3841,201,PT8M26S,https://youtube.com/watch?v=3oy_KjiMt0c,common app essay accepted,college applications|common app essay|common app|college application essay|college application tips,Want to work with us? Schedule a free intro call today: https://www.elevated.school/getstarted?utm_source=youtube&utm_medium=longform&utm_campaign=how-to-get-into-any-college&utm_content=how-to-get-in,65100
YouTube,NqgpOqSvR78,ElevatEd School,UCVUmMgbE92YeVtOAa3JZcuA,The Common App Essay That Got Me Into Yale and Featured on the New York Times! (Part 1) | Jeffrey Yu,2023-06-28,73122,3271,23,PT54S,https://youtube.com/watch?v=NqgpOqSvR78,common app essay accepted,Jeffrey yu|zhened|college applications|common app essay|common app,"#collegeadmissions #ivyleague #commonapplication
#elevatedschool #kevinzhen #kevinzhensei #jeffreyyu #collegeessay #college #collegeessays  #commonapp #applyingtocollege #collegeapps #collegeapplicati",65100
YouTube,x3Xy7aNwbqs,Crazy Medusa,UC5eQRbF73v1wSpIfbD4zExQ,100% Financial Aid for USA Universities | Need Blind Admissions for International Students,2023-06-19,70774,2660,201,PT9M8S,https://youtube.com/watch?v=x3Xy7aNwbqs,college financial aid explained,crazy medusa|saloni verma|saloni verma official|saloni verma harvard|indian in USA,"#scholarship #internationalstudents #fall2024 #needblind

Road to Success mentorship program: https://www.incognitoblueprints.com/roadtosuccess-mentorship

College Application (Code: INCOGNITO for 10%",239000
YouTube,efm_nJ-xCzk,Dream Life Education,UCYgjIbMWzuSuRbsgzrX1ZoQ,LOW CUTOFF | Coimbatore Colleges #collegeadmissions #dreamlifeeducation,2025-05-19,64703,1554,18,PT20S,https://youtube.com/watch?v=efm_nJ-xCzk,college admissions consultant,,"🎉 LOW CUTOFF? NO TENSION!
💻 CSE, AI-DS, IT & More – Top Trending Courses Now Available in Counselling!

🎓 2025 Engineering Admissions NOW OPEN
📍 Top Colleges in Coimbatore | Govt. Counselling Support
",997
YouTube,GJIoiLN9Vhg,TODAY,UChDKyKQ59fYz3JO2fl0Z6sg,Parents are hiring pricey consultants to help kids get into college,2024-03-19,64623,683,238,PT5M40S,https://youtube.com/watch?v=GJIoiLN9Vhg,college admissions consultant,Al Roker|Entertainment|Food|Health|Hoda Kotb,"Many high school students are starting to get their acceptance or rejection letters from colleges. While it can be a stressful time for families, it's fueling a $3 billion industry of independent educ",5010000
YouTube,2_Oz8SD3Y78,CollegeSearch,UCYXqwbig3O-lxnNRq8ey-EQ,💥Vivekananda Global University Full Review🤩Top Placement &amp; Scholarships! #VGUAdmissions #VGUCourse,2024-08-23,64123,984,50,PT56S,https://youtube.com/watch?v=2_Oz8SD3Y78,college counselor review,vivekananda global university|vgu review|vgu courses|vgu fees|vgu placements,"💥Vivekananda Global University Full Review🤩Top Placement & Scholarships! #VGUAdmissions #VGUCourse #collegesearch

Do You Have These Doubts?

Vivekananda Global University 2024?
Best colleges in Rajas",27300
YouTube,YSY8NmuMqIA,ElevatEd School,UCVUmMgbE92YeVtOAa3JZcuA,"5 common app essay mistakes to stop doing, like, yesterday",2023-09-17,53065,2581,108,PT7M41S,https://youtube.com/watch?v=YSY8NmuMqIA,college application mistakes,Jeffrey yu|zhened|college applications|common app essay|common app,Want to work with us? Schedule a FREE intro meeting today: https://www.elevated.school/getstarted?utm_source=youtube&utm_medium=longform&utm_campaign=college-essay-masterclass&utm_content=5-common-app,65100
YouTube,v1T6HzGrREk,Mastercard Foundation,UCRaxyvl99d3cK9Q4BvlCpUw,#ScholarsApplicationTips: 9 Common Scholarship Application Mistakes,2023-10-30,52248,1172,31,PT5M49S,https://youtube.com/watch?v=v1T6HzGrREk,college application mistakes,,Are you interested in applying to the Mastercard Foundation Scholars Program? The Mastercard Foundation Scholars Program Application Tips series answers our most frequently asked questions about apply,13800
YouTube,8PP2x_DCNxA,Kidsstoppress,UCteVUh0QI1xw6iLqywMt8Pw,BIGGEST Mistakes Students Make When Applying to Colleges Abroad,2025-08-29,48603,0,0,PT4M18S,https://youtube.com/watch?v=8PP2x_DCNxA,college application mistakes,education|study abroad|crimson education|crimson education india|higher education,"Can you really crack college admissions abroad without an education counsellor? Or is professional guidance the game-changer students need?

In this candid conversation on Season 4 of Kidsstoppress Po",510000
YouTube,T2YaUTQGBb8,Street Cents,UCbymQ2WsHDRzxTOjWFrjGFA,Getting Financial Aid for University in Canada 💰 #PostSecondary #StudentLoans #StreetCents,2023-07-15,44102,2316,33,PT1M,https://youtube.com/watch?v=T2YaUTQGBb8,college financial aid explained,school|money|scholar|scholarships|university,"How Does Financial Aid Work in Canada? When you're accepted to university or college, it's imortant to know the costs and how to manage them. Learn how to navigate OSAP (Ontario Student Assistance Pro",320000
YouTube,1HvF5ZJdbIg,The College Investor,UC7eyMsOBdk6iLaYyXmmzdBg,Student Aid Index Explained: How Much Financial Aid Can You Expect?,2024-04-24,44073,334,60,PT6M47S,https://youtube.com/watch?v=1HvF5ZJdbIg,college financial aid explained,FAFSA|Student Aid Index|Expected Family Contribution|SAI|EFC,The Student Aid Index (SAI) replaced the Expected Family Contribution (EFC) this year on the FAFSA form. This change has left a LOT of families confused. We break down what you need to know about the ,25700
YouTube,7YSxkMu2NHw,Bold.org ,UCmhIuqa5T1OHO6aYLUN-yIQ,💸 Checking my financial aid package like 😍 #shorts #financialaid #collegeproblems #college,2023-02-07,42875,536,13,PT7S,https://youtube.com/watch?v=7YSxkMu2NHw,college financial aid explained,college|college life|college student|college problems|financial aid,"This is the WORST! If you need more help funding your college tuition, head straight to bold.org! We have $100,000s in exclusive scholarships for all students studying in a US-based college! 💸

------",92400
YouTube,LLlgV9CIFnc,Shinwoo Lee,UCD5fLsqjgzJkqvWIq-aF31g,college admissions are CHANGING... here&#39;s what you need to know (2025),2025-02-12,41139,1327,88,PT7M22S,https://youtube.com/watch?v=LLlgV9CIFnc,college admissions consultant,,"Free 6-Day T20 App Breakdown Series:
https://www.inspirateconsulting.net/6-day-series--d43a2
Get a personalized step-by-step roadmap to get into your dream school in 7 days:
https://www.inspirateconsu",50700
YouTube,HeefdhMxqbU,Generation Us Network,UCxL5q3_uIEWPJCIcEaDSfjQ,Empowering Futures: Tico Wells on &quot;First Generation College Bound&quot;,2026-01-05,40552,5,0,PT1M25S,https://youtube.com/watch?v=HeefdhMxqbU,first generation college,,"In this powerful clip from Generation Us, Tico Wells delves into his transformative documentary, First Generation College Bound. This film shines a light on the essential work of an organization commi",28900
YouTube,7oLDT9w0jtc,The Scholarship System,UC-tM2qBlmFHGQ91s_0SC8Aw,Filing the FAFSA: How to Fill Out and Maximize Aid,2024-12-22,39460,574,59,PT8M57S,https://youtube.com/watch?v=7oLDT9w0jtc,college financial aid explained,The Scholarship System|Jocelyn Pearson|filing the fafsa|how to fill out and maximize aid|fafsa,"Navigating the financial aid process can be a daunting task for students and their families, but one of the most important steps in securing financial assistance for college is filing the FAFSA (Free ",59300
YouTube,tspyAoJpKLE,Best College Aid in English,UCYU3dVhSKR_WWBmE49LWZBg,This is how the FAFSA money works 🎓💰 #fafsa #college #scholarships,2023-11-30,38072,862,17,PT58S,https://youtube.com/watch?v=tspyAoJpKLE,college financial aid explained,,,18100
YouTube,Auvj2tZ0wes,WSL Consultants,UCAGthwuZfIGv4zvP647_QIw,Study in Italy with 50% marks in Intermediate - Admissions Open,2024-09-03,37300,939,138,PT50S,https://youtube.com/watch?v=Auvj2tZ0wes,college admissions consultant,italy study visa appointment|italy visa appointment|italy legalization appointment|italy embassy appointment|study in italy,"Admissions for the September 2025 intake are open and get the latest updates on Italy study visas, appointment processes, and embassy information. 

📅 #admissions #italy #studyinitaly 

**************",157000
YouTube,CTPcRy1AA5c,Elise Pham,UCQgwF5Od06EKCvhEh1tmQDw,How Admissions Officers Accept Applicants ✅,2025-01-04,35448,2159,11,PT46S,https://youtube.com/watch?v=CTPcRy1AA5c,college admissions consultant,,"Admission officers will HATE me for revealing this🤫⬇️

**Disclaimer: The admissions process is different for every school. This is a general framework many colleges follow.**

After submitting your ap",714000
YouTube,0ye4n2prdDQ,PBS NewsHour,UC6ZFN9Tx6xh-skXCuRHCDpQ,How scammers are siphoning college financial aid with stolen student identities,2025-08-24,35435,354,0,PT6M2S,https://youtube.com/watch?v=0ye4n2prdDQ,college financial aid explained,financial aid|college|higher education|news|education news,"According to recent reports, sophisticated criminal networks are using identity theft to disguise themselves as students at U.S. colleges. They flood colleges with applications in order to siphon off ",5230000
YouTube,cCF69B-kWDQ,Macomb College,UCnpAX8xUrLVaKQUOu81UjsA,The FAFSA is the required first step in the financial aid process! #college #students #collegelife,2024-03-13,34970,725,5,PT22S,https://youtube.com/watch?v=cCF69B-kWDQ,college financial aid explained,,,1920
YouTube,iQrucSQ82rA,Pratik Vangal,UCANgLJ3GA29oBa1L6-YKnmA,Terrible College Admissions Mistakes I Made (i wish i knew this),2023-08-24,34809,1608,100,PT12M7S,https://youtube.com/watch?v=iQrucSQ82rA,college application mistakes,college apps|preaching p|college app mistakes,"Inquiries for 1:1 Private Admissions Advisory: https://atlaseducation.co

Breaking down the worst college application and resume building mistakes I made in high school. Lock in ladies and gentleman. ",102000
YouTube,eku4AHN66X0,"david, the counselor",UCllu6ImJCinohr7skJEa5_Q,Every Cal State campus (explained by a HS counselor),2025-08-25,34304,686,180,PT25M51S,https://youtube.com/watch?v=eku4AHN66X0,college counselor review,CSU|calstates|calstateuniversity|college|collegeapplications,"https://coff.ee/davidthecounselor

Hi! I'm a HS Counselor in California and here is my campus breakdown presentation for the CSU system. 

Applications open every year on October 1st for first-time fr",3050
YouTube,VmFgRjTMJKo,The Middle Class Breaker,UC9WyNPmuvs3EMipofjGo5Vg,Coursera Financial Aid 2025: Full Application Process Explained,2025-05-23,33927,545,107,PT7M29S,https://youtube.com/watch?v=VmFgRjTMJKo,college financial aid explained,coursera|coursera financial aid|coursera financial aid 2025|how to apply for coursera financial aid|apply for coursera financial aid,"🎓 Want to learn for free on Coursera in 2025?
In this video, I’ll show you how to apply for Coursera Financial Aid step-by-step, so you can access premium courses without paying a single rupee! Whethe",7110
YouTube,9heCHldmnCc,Shafique Sir,UCv8VWR24W4KtPFZaXYdbbDg,Consultant vs Counselor । अंतर #english #shorts #shafiquesir #consultancy #counselling,2023-08-27,33283,556,6,PT46S,https://youtube.com/watch?v=9heCHldmnCc,college admissions consultant,aj ka gyan|consultant|consultant Hindi|consultant in Hindi|consultant ki Hindi,"There is difference between consultant and Counselor.
#english #shafiquesir",0
YouTube,Jx1aKqVEO1Y,MY College Consulting (MYCC),UC40LX6EfM4dvBeGon5FYlKw,미국 대학 입시 컨설팅 평균 가격… #mit #미국대학 #입시컨설팅,2024-05-29,32966,140,22,PT17S,https://youtube.com/watch?v=Jx1aKqVEO1Y,college admissions consultant,,,28800
YouTube,XQNgWCk2KSg,College Depot,UCeyjzJCT_bpprAkrcM_pr5A,Finding the student aid report #collegeplanning #college #fafsa,2023-02-14,30861,304,2,PT35S,https://youtube.com/watch?v=XQNgWCk2KSg,college financial aid explained,,,290
YouTube,w8ExuQyLi8c,Canam Consultants,UCDBEGCDt4JUWmi4AbYrwEvw,"Public vs Private Universities in Germany 🇩🇪 | Tuition, Admissions, Jobs &amp; More!",2025-04-18,30712,498,9,PT41S,https://youtube.com/watch?v=w8ExuQyLi8c,college admissions consultant,,"Confused between public and private universities in Germany? We’ve got you covered!

In this episode of the Study Abroad Podcast by Canam, we break down everything you need to know to make the right c",0
YouTube,GzXHTW8THko,Athena Education,UCfANEYz13Ey2vE_ziHVHBXQ,Highest paying jobs in hospitality | #collegecounseling #collegeadmissions #counseling #hospitality,2023-07-10,30245,249,4,PT7S,https://youtube.com/watch?v=GzXHTW8THko,college admissions consultant,Athena Education|Admission consulting|Career counselling|US|UK,"Athena Education was founded nine years ago by two Princeton graduates, passionate about bringing visionary education to India. They founded Athena to enable high-school students to receive a world-cl",63100
YouTube,3yWdFF96Iuo,Admitium,UCKgKaKLv8WrzcIy_Xuyn2mg,CommonApp Personal Essay Mistakes | Ex-Stanford Admissions | #commonapp @barcelonahighschool,2023-06-17,26269,1063,3,PT56S,https://youtube.com/watch?v=3yWdFF96Iuo,college application mistakes,,,6910
YouTube,WxDGL7LKdpM,The Scholarship System,UC-tM2qBlmFHGQ91s_0SC8Aw,FAFSA AGI: How To Reduce Adjusted Gross Income and How Much It Impacts Your Financial Aid,2024-09-22,25951,474,65,PT10M21S,https://youtube.com/watch?v=WxDGL7LKdpM,college financial aid explained,The Scholarship System|Jocelyn Pearson|fafsa agi|fafsa annual gross income|fafsa agi question,"Securing the necessary funds to make higher education affordable often begins with completing the Free Application for Federal Student Aid (FAFSA). 

One of the key factors in determining the amount o",59300
YouTube,0a6XRiH6b4M,Kantis Simmons,UCkhAi0O6eNdO2l37gONpyeQ,The 7 FAFSA Secrets That Get You MAX College Financial Aid,2024-10-15,24594,496,31,PT22M30S,https://youtube.com/watch?v=0a6XRiH6b4M,college financial aid explained,FAFSA free Application of federal student aid|FAFSA|filling out fafsa|filling out fafsa form|federal student aid,"In this video, I break down seven important factors you need to consider when completing the FAFSA (Free Application for Federal Student Aid) for college. 

Parents — don’t miss my 3-day College Fundi",14300
YouTube,DT47qmjy0DA,International Volunteer HQ,UCK7dncgbwyw6zOqXcNBV-Zw,This is how easy it is to apply &amp; volunteer abroad with IVHQ - as early as next week! #ivhq #travel,2023-07-03,24405,707,17,PT45S,https://youtube.com/watch?v=DT47qmjy0DA,volunteer opportunities college,,Explore Guatemala Volunteer Projects: https://www.volunteerhq.org/destinations/guatemala/?autodetect-locale=true&utm_source=youtube.com&utm_medium=referral&utm_campaign=youtube&utm_content=guatemala_s,19900
YouTube,GAGF5B2nbm4,Talent Ghar,UC7BqSq6pioHqdOoskhaxzSQ,"Hiring Now at Aakash Institute! | Counselor, Sales &amp; Telecaller Jobs | Apply Today! lead generation",2025-04-29,23328,0,38,PT15S,https://youtube.com/watch?v=GAGF5B2nbm4,college counselor review,b2b lead generation|b2b leads|b2b marketing|b2b sales|client acquisition,"Hiring Now at Aakash Institute! | Counselor, Sales & Telecaller Jobs | Apply Today! lead generation 

Aakash Institute is hiring!
We are looking for dynamic and career-driven individuals for the roles",0
YouTube,HtXzhzEwUew,Sara Harberson,UCgfVjwZnGw-Dcf7zR3GUxJw,In what order does an admissions officer read your #collegeapplication?  #collegeadmissions,2023-10-24,22750,443,9,PT58S,https://youtube.com/watch?v=HtXzhzEwUew,college admissions consultant,,"—
Want to work with me? Check out Application Nation 🎓
https://shop.saraharberson.com/

My book SOUNDBITE: The Admissions Secret that Gets You Into College and Beyond is out now 📘 
https://www.sarahar",0
YouTube,YQLkggqarxI,The Scholarship System,UC-tM2qBlmFHGQ91s_0SC8Aw,FAFSA Income Limits: What Parents Need to Know,2025-08-24,22623,397,47,PT9M34S,https://youtube.com/watch?v=YQLkggqarxI,college financial aid explained,The Scholarship System|Jocelyn Pearson|fafsa income limits|fafsa income limit|fafsa eligibility,"Are you wondering if your family earns too much to qualify for financial aid through the FAFSA? You’re not alone — one of the most common questions parents ask is: “Is there a FAFSA income limit?”

In",59300
YouTube,Mut_6K9Ltg0,Camila,UCYXnEM7FojGYBDltCFYwUhA,Getting Into Law School as a First Gen With Lower Stats | scholarships + application journey,2024-07-25,22397,946,69,PT7M24S,https://youtube.com/watch?v=Mut_6K9Ltg0,first generation college,,Hi everyone! I’m so excited to be sharing my journey on here. I’m starting my second year of law school this fall so I want to bring you along my journey as a first gen law student and show you all th,1390
YouTube,KjxtZbOYvT4,Next Engineer 🎓,UC59R8PEWtzt1mEwqRn1Vzug,"Mmmut College Gorakhpur 📚❌ Honest Review | Placements, Fees, Exam, Admissions 🤯",2025-04-18,21280,0,18,PT1M15S,https://youtube.com/watch?v=KjxtZbOYvT4,college counselor review,mmmut gorakhpur review|mmmut college review|mmmut placements|mmmut fees structure|mmmut admission process,"Thinking about taking admission in MMMUT Gorakhpur (Madan Mohan Malaviya University of Technology)?
Here’s an honest and detailed review covering all key aspects of the college in 2025:
 • Placements:",21900
YouTube,5UEmIXaVDWo,The College Admissions Experts,UCw-avZPEXrQPx8Rf5isj_Rg,Inside The Admissions Office at MIT,2024-05-03,18916,572,6,PT59S,https://youtube.com/watch?v=5UEmIXaVDWo,college admissions consultant,admissions essay,"How does MIT evaluate applications? In this video, I’ll share some insider knowledge from my previous work with MIT’s admissions office. 


#admissions #admission #essay #essaywriting #applying #colle",721
YouTube,hmcP-OVWxfc,WSJ Podcasts,UCYmFKw7swKPJiaMloRmptHw,How to Maximize College Financial Aid and Scholarship Money | WSJ Your Money Briefing,2023-04-24,18817,472,8,PT5M50S,https://youtube.com/watch?v=hmcP-OVWxfc,college financial aid explained,college|university|college enrollment|college enrollment deadline|financial aid,"Financial experts say the May 1st enrollment decision deadline is an ideal time for students and families to negotiate a better financial aid package. 

WSJ’s Oyin Adedoyin joins host J.R. Whalen to d",152000
YouTube,xk0mpixSyvU,The Career Club ,UCaY47HsuXOr-yqLSfb9H4cA,Eligibility for public universities in Germany 🇩🇪 #studyingermany #studyabroad #consultant #germany,2023-03-27,17653,323,23,PT56S,https://youtube.com/watch?v=xk0mpixSyvU,college admissions consultant,,,239
YouTube,GVLEOEyQskA,twoo relatable,UC9_b0nm1AOO27ETLNnN0qvw,Admission Counselor be like  #employeemanagement,2024-10-22,17101,387,5,PT53S,https://youtube.com/watch?v=GVLEOEyQskA,college admissions consultant,,"ADMISSION MANAGER
SALES TEAM",150000
YouTube,rZRdCGEzkX8,IITT COLLEGE TIRUPUR,UCPGovhFAoewGLV_oJ6dDX_A,Clarity by textile consultant on yarn count-IITT! #shorts #college #education #career #yarn #count,2023-07-23,17012,376,2,PT50S,https://youtube.com/watch?v=rZRdCGEzkX8,college admissions consultant,,"Finding the count of yarn:
https://youtu.be/EIhSQG9sKVs


IITT College of Fashion
Contact : 97506 73999

#college #collegeadmissions #textileindustry #textile #onlineclasses #overview #courses #online",1680
YouTube,PoyHoLPFNrI,the SITREP,UCnGRZ9C132rHuxZdzN5NP4A,Volunteer Opportunities for STUDENTS at Veterans Affairs | College Scholarships | theSITREP,2025-03-26,15545,254,17,PT7M46S,https://youtube.com/watch?v=PoyHoLPFNrI,volunteer opportunities college,scholarships for students|college scholarships|volunteering with veterans|helping veterans|volunteer at VA,"In this episode of theSITREP, Paul chats with Tyrone Green about volunteer opportunities, for students, college scholarships, and the Summer Youth Program, at the Department of Veterans Affairs.  For ",242000
YouTube,1PoQHX8MkBY,Bold.org ,UCmhIuqa5T1OHO6aYLUN-yIQ,💸 THIS is how I negotiated MORE financial aid #collegestudent #financialaid #negotiations #college,2023-04-26,11730,328,1,PT38S,https://youtube.com/watch?v=1PoQHX8MkBY,college financial aid explained,College|Student life|Students|student problems|college life,"This is how I negotiated MORE financial aid! 💸

-----------
Exclusive No-Essay Scholarships:
https://bold.org/scholarships/no-essay-scholarships-list/

Scholarships for High School Students: https://b",92400
YouTube,YbY5r3TOfSg,College Admissions: Grown and Flown ,UC7rv_839KAGNCD9-KpUtlZQ,5 Things College Admissions Officers Really Look For (and 3 They Don’t) in 2026 | Jeff Selingo,2025-08-28,11421,139,18,PT57M6S,https://youtube.com/watch?v=YbY5r3TOfSg,college admissions consultant,college admissions 2025|Jeff Selingo Dream School|who gets in and why|what colleges look for|college admissions secrets,"What do college admissions officers actually look for—and what doesn’t matter as much as you think? 🎓

In this exclusive conversation hosted by Grown and Flown, best-selling author Jeff Selingo (Who G",1410
YouTube,cnHIQbrjDGA,Muzammil Ismail,UC9XQU_F-trGprDDg2UT9P8A,20 -120% Scholarship at LUMS | Financial Aid | LUMS Admission process 2025 #lifeatlums,2024-11-17,10859,413,135,PT15M14S,https://youtube.com/watch?v=cnHIQbrjDGA,college financial aid explained,lums vlogging|vlogging at lums|lums culture|get into lums|how to get admission at lums,"You can get admission at LUMS with a 120% Scholarship.
In this video, I have explained the different scholarship opportunities at LUMS. If you have any further questions, you can reach out.


My Insta",3450
YouTube,LriPdQJffH0,Ed Zamora College Prep Channel,UCpKyIqTp9Q94bpwOZa5iCEQ,Understanding the Fafsa Student Aid Index,2024-11-25,10163,214,24,PT8M11S,https://youtube.com/watch?v=LriPdQJffH0,college financial aid explained,,"Thank you for watching our Video

If you'd like to help us continue producing videos feel free to giving what ever you like through:
Venmo - @PrincipiaPrep
Or
Buy Me A Coffee - https://www.buymeacoffe",15200
YouTube,SmICtL4jHmQ,Harvard College Admissions & Financial Aid,UCJ0VulV6BBx50aB_WRqyMJg,73 Questions with Harvard Students | First Generation College Students,2024-03-30,9133,206,17,PT20M32S,https://youtube.com/watch?v=SmICtL4jHmQ,first generation college,,"We have 73 questions for two wonderful Harvard College students!

Don’t forget to subscribe! https://www.youtube.com/channel/UCJ0VulV6BBx50aB_WRqyMJg?sub_confirmation=1

Follow our socials - 
TikTok: ",56200
YouTube,3AFANWQCplY,PreMedPK,UCMH0s-u6BIJlq2dNtl9KZEQ,"Aga Khan University Fees and Scholarship explained by First Year Medical Student, Balaj Rizvi",2023-09-10,9057,252,39,PT4M24S,https://youtube.com/watch?v=3AFANWQCplY,college financial aid explained,,"Discover the process of financial aid and scholarships at AKU in this video. Learn about different types of financial assistance, eligibility criteria, and application procedures. Empower yourself wit",23800
YouTube,4efP5LxYlCE,The FAFSA Guru,UCALm2eBfiKpbCngzrdfsn6w,What the FAFSA Student Aid Index (SAI) Actually Means…,2024-11-20,9025,69,10,PT4M48S,https://youtube.com/watch?v=4efP5LxYlCE,college financial aid explained,,"What does the Student Aid Index (SAI) Actually mean?

I often get asked if this is the amount of money student's will have to pay towards their education for the year.

The SAI is the number the gover",0
YouTube,haUv6b3Eimc,ThatSchoolCounselor,UCK2vOHRTtXE5XQaESFP8EGw,Common mistake on commonapp that many students make on their college applications,2025-04-20,5637,62,0,PT31S,https://youtube.com/watch?v=haUv6b3Eimc,college counselor review,,Common mistake on commonapp that many students make on their college applications #thatschoolcounselor #commonappmistake #collegeapplicationtip #collegeapptips,188
YouTube,3NXaQeiD1iI,Nisha Droch,UCHeaAHz5wE-L70KEQFzgP1A,Graduation ke baad kya career counseling karte ho aap!! #ashishmittal #education #career #counselor,2025-07-30,4829,59,1,PT1M1S,https://youtube.com/watch?v=3NXaQeiD1iI,college counselor review,#ShalluNishaPodcast|#podcast|#foryou|#ashishmittal|#education,"My New Show -  Shallu Nisha Podcast
https://www.youtube.com/@ShalluNishaPodcast
https://www.instagram.com/shallunishapodcast

Get in Touch : https://www.instagram.com/nisha_droch
Email : Hello@nishadr",906000
YouTube,pfFIrrdKD4o,The College Application Specialist,UC26Yj7PQ83NVF1bykhTHCuA,🎓 RICE UNIVERSITY: A College Counselor&#39;s HONEST Review,2025-05-21,34,1,0,PT7M3S,https://youtube.com/watch?v=pfFIrrdKD4o,college counselor review,classof2026|classof2027|classof2028|highschool|RiceUniversity,"Thinking about applying to Rice University? STOP scrolling! 🛑 As an independent college counselor who's helped hundreds of students get into top schools, I'm giving you my scoop on @riceuniversity.

🔥",12
